,beds,baths,size,zip_code,price
0,3,2.5,2590,587206,795000
1,4,2.0,2240,587155,915000
2,4,3.0,2040,587206,950000
3,4,3.0,3800,587201,1950000
4,2,2.0,1042,587201,950000
5,2,2.0,1190,587201,740000
6,1,1.0,670,587155,460000
7,5,3.5,4510,587114,3150000
8,3,2.5,1520,587201,565000
9,4,2.0,2340,587206,699000
10,3,2.0,1320,587201,899000
11,3,2.0,1800,587114,1050000
12,3,2.5,2490,587114,935625
13,4,3.0,2650,587202,1511000
14,5,1.5,2560,587203,1330000
15,2,1.5,900,587203,549755
16,3,3.5,1360,587203,700000
17,1,1.0,550,587206,330000
18,3,2.5,2974,587201,1750000
19,4,3.5,1989,587203,980000
20,2,2.0,1332,587205,845000
21,4,3.0,2668,587201,1213000
22,2,1.0,770,587201,530000
23,3,1.5,1280,587205,625000
24,5,3.5,3200,587114,1275000
25,2,1.5,889,587206,680000
26,1,1.0,508,587206,325000
27,3,2.0,3140,587114,1219700
28,4,2.0,2000,587201,907200
29,1,1.0,792,587201,517000
30,3,2.5,1690,587206,760000
31,4,5.5,3000,587114,1484000
32,3,3.0,1550,587205,950000
33,2,2.0,871,587201,430000
34,4,1.5,1940,587205,520000
35,1,1.0,474,587206,335000
36,3,2.0,1770,587155,805000
37,5,5.0,2510,587205,1000000
38,1,1.0,750,587201,375000
39,1,1.0,573,587205,390000
40,3,2.5,1500,587206,1070000
41,5,4.0,2920,587206,948000
42,3,2.0,2817,587201,912000
43,1,1.0,617,587155,480000
44,2,2.0,1280,587155,776000
45,2,2.0,1523,587201,1395000
46,2,1.0,1240,587201,750000
47,4,2.5,2280,587203,1065000
48,5,3.5,3590,587155,2350000
49,4,3.5,2478,587202,1580000
50,3,3.0,2360,587206,1775000
51,2,1.0,720,587201,600000
52,3,2.0,2480,587201,800000
53,3,2.0,1550,587155,1100000
54,2,1.0,780,587206,750000
55,5,3.0,2820,587201,865000
56,5,3.0,2900,587206,1450000
57,2,2.0,1092,587206,829000
58,3,2.0,1731,587203,575000
59,3,2.5,1500,587201,860000
60,2,2.5,1344,587206,770000
61,4,5.5,4040,587201,5495000
62,5,3.0,2320,587201,560000
63,5,3.0,2820,587205,900000
64,3,1.0,1070,587155,575000
65,2,1.0,1113,587203,595000
66,4,2.0,2100,587206,950000
67,3,2.5,2620,587206,1300000
68,3,2.0,1270,587201,727000
69,3,2.0,2702,587201,1605000
70,4,3.5,2031,587111,1480000
71,3,2.0,2350,587111,888000
72,4,1.5,2640,587101,1850000
73,3,1.5,1340,587101,615000
74,6,3.5,8660,587102,4100000
75,2,2.5,1365,587101,525000
76,1,1.0,635,587103,509950
77,3,1.0,1800,587103,549000
78,2,1.0,870,587111,555000
79,3,3.5,1510,587111,660000
80,3,1.0,1120,587111,615000
81,4,2.5,2580,587115,1635000
82,2,2.0,875,587115,420000
83,3,4.0,2220,587115,1650000
84,1,1.0,607,587115,427000
85,3,2.0,1496,587111,910000
86,4,3.5,2670,587207,1022700
87,2,1.5,1810,587204,925000
88,1,1.0,582,587115,360000
89,2,2.0,1006,587204,928000
90,3,5.5,1530,587103,635000
91,2,1.0,820,587103,490000
92,3,2.0,1960,587115,950000
93,4,3.0,2110,587103,760000
94,4,3.5,3010,587207,985000
95,3,1.0,2200,587111,1250000
96,3,2.5,1820,587207,690000
97,4,4.0,3040,587111,1585000
98,3,2.0,1800,587111,936000
99,1,1.0,800,587111,450000
100,3,3.0,1450,587111,750000
101,1,1.0,756,587204,550000
102,1,1.0,742,587204,354000
103,4,2.0,2400,587111,1385000
104,2,2.0,1607,587111,1865000
105,4,3.5,3057,587111,1800000
106,1,1.0,649,587111,346600
107,4,4.0,3142,587103,1600000
108,3,1.0,1050,587207,399950
109,3,2.0,1720,587111,855000
110,3,3.5,2650,587207,1095000
111,2,1.5,2680,587111,1125000
112,4,2.5,2550,587120,1560000
113,9,4.0,3800,587103,1343000
114,2,2.0,1320,587204,525000
115,4,2.0,1910,587207,630000
116,2,1.0,773,587204,360000
117,1,1.0,589,587204,375000
118,1,1.0,510,587103,302500
119,4,3.5,2661,587116,1165000
120,2,2.0,843,587121,346250
121,4,3.0,2250,587116,1150000
122,4,1.5,2080,587121,950000
123,3,3.5,1370,587116,699500
124,1,1.0,699,587117,335000
125,2,3.0,1840,587116,800000
126,4,3.5,3040,587117,1495000
127,2,1.0,858,587116,500000
128,5,8.5,3110,587117,1606500
129,2,2.0,1147,587116,749950
130,2,1.0,868,587117,415000
131,2,2.5,1538,587111,895000
132,2,1.0,1480,587116,720000
133,2,2.0,932,587116,435000
134,2,2.0,981,587204,450000
135,2,2.0,866,587116,555000
136,4,3.5,2000,587116,870000
137,3,3.5,1470,587301,845000
138,2,2.0,1840,587116,1200000
139,4,2.0,2230,587116,925000
140,2,1.5,1290,587116,795000
141,3,2.5,1670,587116,600000
142,1,1.0,630,587301,459000
143,3,2.0,1880,587116,911000
144,2,2.0,1188,587116,1350000
145,2,1.5,1300,587116,570288
146,1,1.0,857,587117,529000
147,2,2.0,1071,587116,605000
148,5,4.0,2810,587116,1295000
149,4,2.5,2400,587116,1595000
150,3,3.5,1670,587117,600000
151,3,2.5,2734,587116,1605200
152,3,2.5,1670,587116,865000
153,3,3.0,1530,587117,745000
154,4,1.0,1720,587124,543750
155,3,1.0,1200,587118,1099950
156,5,3.0,2030,587125,905000
157,3,2.0,2370,587112,1200000
158,3,1.5,1720,587125,825000
159,1,1.0,813,587125,680000
160,3,2.0,1590,587112,720000
161,1,1.0,626,587112,389200
162,2,1.0,840,587202,489000
163,2,2.0,1030,587115,575000
164,5,2.5,2870,587125,520000
165,1,1.0,792,587125,675000
166,2,1.5,994,587120,580000
167,3,2.0,1630,587124,630000
168,3,1.5,1172,587125,685000
169,3,2.0,1806,587112,799000
170,4,2.5,3060,587118,1450000
171,5,3.5,3820,587118,1350000
172,2,2.0,1328,587115,510000
173,3,2.5,2350,587154,1582800
174,3,2.5,2080,587112,977000
175,3,1.0,1000,587118,710000
176,2,1.5,1131,587154,685000
177,4,3.0,2230,587118,1205000
178,5,3.0,3130,587154,2095000
179,5,3.0,3750,587112,1580000
180,2,2.0,1080,587115,450000
181,2,2.0,1720,587154,985000
182,1,1.0,854,587154,455000
183,3,2.0,1286,587112,738000
184,2,1.5,1230,587118,650000
185,2,1.0,1422,587118,715000
186,4,3.5,3956,587115,3200000
187,6,5.0,3620,587112,1420000
188,3,1.5,1370,587202,659950
189,1,1.0,700,587154,325100
190,2,3.0,1824,587125,2458000
191,1,1.0,956,587125,870000
192,4,2.0,2370,587125,1350000
193,4,2.5,2200,587154,825000
194,6,3.0,3020,587125,775000
195,5,3.0,3400,587120,756500
196,3,1.0,1660,587118,749900
197,4,2.0,2080,587120,675000
198,2,1.5,917,587125,625000
199,2,1.0,900,587154,480000
200,4,4.5,3960,587125,2485000
201,1,1.0,889,587207,723000
202,5,3.5,3310,587124,1575000
203,1,1.0,621,587125,289900
204,3,3.5,1467,587118,859990
205,4,2.0,1910,587154,685000
206,3,2.5,1563,587120,839950
207,5,3.5,3340,587202,980000
208,4,3.0,2390,587118,1300000
209,2,1.5,1131,587125,670000
210,2,2.0,1201,587112,699950
211,3,3.0,1940,587120,450000
212,1,1.0,519,587118,354000
213,2,1.0,1760,587115,715000
214,4,3.0,1680,587124,905000
215,2,2.0,1192,587120,719950
216,4,4.0,2300,587124,1440000
217,3,2.5,2304,587118,1100000
218,4,4.0,2650,587154,1000000
219,5,4.0,4210,587202,2625000
220,4,3.0,2840,587115,1350000
221,2,1.0,980,587125,863000
222,4,4.5,2440,586126,1900000
223,2,2.0,1140,586125,590000
224,4,3.5,1824,586125,1299000
225,2,2.0,1115,586126,1069000
226,4,3.0,2478,586126,2095000
227,2,2.0,1140,586126,665000
228,3,1.5,1172,586126,685000
229,2,2.0,1433,586126,750000
230,3,2.0,1520,586126,760000
231,3,2.5,1380,586126,590000
232,15,6.0,11010,586126,3700000
233,4,2.0,1750,587119,1025000
234,3,2.5,3590,587301,1725000
235,1,1.0,646,587119,332000
236,5,3.0,2040,587301,605000
237,2,2.0,1560,587311,980000
238,2,2.5,1088,587311,835000
239,2,1.0,1460,587311,400000
240,3,2.0,1380,587121,800000
241,2,1.0,1000,586113,793000
242,2,2.0,1128,587301,625000
243,1,1.0,776,587312,515000
244,3,2.5,2000,587301,799000
245,3,2.0,2029,587121,685000
246,4,5.5,2867,587315,1750000
247,4,3.0,1180,587315,956300
248,3,2.0,1920,587315,1067000
249,2,2.0,2220,587311,551000
250,2,3.0,1300,587314,780000
251,1,1.0,596,587301,445000
252,3,2.0,1460,587119,583000
253,3,2.5,2500,587301,1685000
254,3,2.5,1540,587311,852500
255,5,3.0,2550,587301,940000
256,2,2.0,1018,587301,545000
257,3,2.5,1520,587301,540700
258,1,1.0,640,587119,345000
259,4,3.0,2190,586126,860000
260,2,1.0,930,587119,620000
261,5,2.5,2900,587119,800000
262,4,3.5,2780,587301,950000
263,3,1.0,2560,587121,776000
264,1,1.0,613,587311,325000
265,3,2.5,1566,587301,875000
266,2,2.0,1245,587301,330000
267,3,2.5,1190,587301,750000
268,5,2.5,2760,587119,1025000
269,4,1.5,3260,587119,1695000
270,4,3.0,2380,587121,1399999
271,2,2.5,1884,587119,925000
272,3,2.5,1712,587301,910000
273,2,2.0,1196,587311,734999
274,3,2.0,1098,587314,864950
275,3,3.0,1250,587314,815000
276,1,1.0,880,587314,700000
277,2,1.5,822,587315,400000
278,4,2.0,1595,587119,525000
279,3,3.0,2380,587119,1230000
280,3,2.0,3190,587301,2700000
281,3,2.5,1465,587315,1175000
282,4,2.0,2910,587315,1400000
283,2,3.0,1140,587315,675000
284,1,1.0,500,587301,385000
285,3,2.0,1580,587119,942000
286,1,1.0,683,587311,601000
287,5,3.0,2430,587301,915000
288,2,2.0,1128,587204,479950
289,2,2.0,2360,587313,1460000
290,3,2.5,1396,587113,780000
291,1,1.0,615,587313,485000
292,4,2.0,2340,587313,925000
293,4,1.5,2140,587313,700500
294,4,3.0,2980,587122,1090000
295,3,1.5,1390,587122,412000
296,2,1.0,720,587312,525000
297,1,1.0,712,587313,325000
298,4,2.5,1850,587121,945000
299,3,4.5,1710,587122,725000
300,2,1.0,970,587313,386000
301,3,2.0,1606,587313,1450000
302,3,2.5,1815,587122,1295000
303,2,1.0,1120,587122,700000
304,4,2.0,2220,587312,995000
305,1,1.0,570,587113,345000
306,3,2.0,1460,587122,888000
307,5,3.0,3820,587313,1575000
308,3,3.5,2480,587312,1795000
309,5,3.0,2777,587312,1338600
310,2,2.0,1170,587312,624999
311,1,1.0,587,587113,260000
312,3,1.0,1430,587313,980000
313,2,5.5,1320,587121,679950
314,2,2.0,2170,587312,893000
315,1,1.0,635,587121,495000
316,3,1.5,1630,587313,895000
317,2,2.0,1900,587313,1310000
318,3,2.0,1760,587122,689000
319,3,2.5,1712,587313,970000
320,4,2.5,3190,587313,1820000
321,4,3.5,3590,587313,2900000
322,1,1.0,630,587113,255000
323,2,2.0,1150,587113,615000
324,5,2.0,1830,587116,665000
325,2,1.0,760,587312,250000
326,3,2.5,2600,587313,1148000
327,3,2.0,2130,587122,990200
328,3,3.5,2899,587313,1800000
329,3,1.0,1090,587312,400000
330,4,4.0,3360,587316,1200000
331,4,2.5,2240,587313,1050000
332,2,1.0,886,587113,620000
333,3,2.0,1560,587313,799000
334,4,2.0,1730,587313,852000
335,3,2.0,1700,587313,1150000
336,4,3.5,1909,587122,1500000
337,3,2.0,2180,587313,1012000
338,1,1.0,681,560004,470000
339,3,3.0,1460,560034,1000000
340,1,1.0,704,560007,365000
341,2,1.0,1010,560092,549950
342,2,2.5,1635,560024,1850000
343,2,1.5,1022,560047,655000
344,3,1.0,990,560043,635000
345,2,2.0,1164,560017,706474
346,1,1.0,583,560001,349000
347,2,1.5,888,560025,700000
348,4,2.0,2740,560049,1400000
349,3,2.0,1670,560001,485000
350,3,1.0,830,560064,660000
351,2,2.0,1200,560092,705000
352,3,3.5,2530,560025,1299000
353,4,3.0,2660,560064,1360000
354,4,2.0,2820,560001,1441000
355,2,1.0,1011,560045,159488
356,2,1.5,1088,560036,590000
357,6,3.5,3785,560037,3150000
358,3,2.0,1540,560001,630000
359,2,1.5,1180,560024,575000
360,3,3.5,1968,560001,980000
361,1,1.0,610,560048,340000
362,2,2.0,1346,560008,800000
363,2,2.5,1320,560038,570000
364,3,3.5,3064,560094,2450000
365,3,2.0,2980,560064,1415000
366,4,3.5,3050,560043,2250000
367,3,2.0,2020,560005,917500
368,3,2.5,1926,560066,1148000
369,2,1.0,1330,560084,479000
370,3,2.0,2410,560064,1083000
371,2,2.5,1580,560092,699000
372,3,1.0,1030,560016,710000
373,3,3.0,1630,560037,615000
374,4,2.5,2370,560001,750000
375,1,1.0,783,560084,530000
376,4,1.0,1310,560001,735000
377,3,2.0,1996,560033,986500
378,3,2.0,1580,560033,820000
379,1,1.0,781,560049,481000
380,2,2.0,1517,560045,1350000
381,4,2.0,2360,560017,950000
382,3,2.0,1496,560001,824500
383,2,2.5,1250,560032,725000
384,2,2.0,1810,560001,1350000
385,1,1.0,531,560066,489000
386,4,2.5,2380,560045,1900000
387,2,2.0,1095,560016,599950
388,2,2.0,1080,560037,533500
389,2,2.0,1146,560025,845000
390,4,2.5,1544,560008,850000
391,1,1.0,707,560049,590000
392,4,3.0,2067,560006,1074900
393,4,3.0,2360,560045,1360000
394,2,2.0,724,560001,430000
395,2,2.5,1649,560064,765000
396,5,2.5,2180,560064,1009975
397,3,2.0,1960,560037,955000
398,1,1.0,727,562106,445000
399,3,2.0,1209,562106,725000
400,1,1.0,650,562107,349000
401,5,3.0,3070,562106,1450000
402,4,2.5,2130,562107,960000
403,4,2.5,2220,562125,1235000
404,4,3.0,2288,562125,1105000
405,2,2.0,1370,562106,1050000
406,5,3.0,3120,562106,795000
407,4,2.5,2180,562106,1275000
408,3,2.0,1590,562106,560000
409,3,1.5,2220,562106,930000
410,1,1.0,813,562125,240000
411,1,1.0,574,562106,280000
412,4,2.0,2480,562107,825000
413,4,3.0,3320,562107,750000
414,2,1.0,1720,562106,575000
415,3,2.0,2050,562125,1265000
416,4,3.0,2370,562106,1830000
417,4,5.0,3660,562106,2695000
418,3,3.5,1670,562106,1115000
419,2,3.5,990,562107,405000
420,3,3.0,3120,560093,1350000
421,3,2.0,2260,560001,1300000
422,2,1.0,650,560071,708888
423,3,3.5,1540,560008,699950
424,3,3.5,1980,560032,1055000
425,3,1.0,2160,560016,920000
426,4,2.5,3080,560063,1650000
427,2,3.0,1740,560045,1395000
428,3,2.0,1900,560003,1766000
429,9,5.0,3940,560064,1089000
430,2,1.5,1366,560086,839000
431,4,1.5,1920,560073,850000
432,1,1.0,715,560002,515000
433,3,2.5,1610,560009,895000
434,6,4.0,2960,560079,1050000
435,4,2.0,1810,560086,945000
436,2,2.0,1125,560046,705000
437,2,2.0,1893,562157,727000
438,3,2.0,1096,560010,875000
439,3,4.5,3760,560040,1570000
440,4,2.5,2720,560097,1315000
441,2,2.0,1510,560057,915000
442,2,2.0,1350,560005,1035000
443,4,3.5,2980,560065,2400000
444,2,2.0,1443,560021,325000
445,2,2.0,1170,560022,428000
446,5,2.0,2260,560013,865000
447,3,2.0,1990,560013,730000
448,2,1.5,1555,560051,677500
449,3,2.0,2350,560104,1140000
450,2,1.0,1440,560043,699950
451,1,1.0,627,560010,429000
452,1,1.0,551,560006,410000
453,2,1.0,770,560014,560000
454,3,2.5,1570,560013,700000
455,1,1.0,699,560013,390000
456,3,3.0,2650,560015,1600000
457,2,1.5,1070,560079,850000
458,3,0.5,1941,560009,892700
459,3,2.5,2030,560020,1439000
460,2,1.0,1620,560043,619000
461,2,2.5,1400,560015,850000
462,3,2.0,2354,560079,938000
463,2,3.5,1155,560096,219700
464,3,1.0,1340,560077,785000
465,2,1.0,903,560054,363500
466,3,1.5,1220,560023,599000
467,2,1.0,1250,560086,500000
468,2,2.0,1040,560003,625000
469,2,1.0,1660,560055,850000
470,1,1.0,744,560033,345000
471,2,1.5,805,560054,500000
472,3,1.0,1060,560055,1125000
473,5,3.5,3160,560054,2300000
474,3,3.0,1120,560025,525000
475,4,2.5,1881,560072,870000
476,5,2.5,3460,560073,2425000
477,1,1.0,376,560096,1000000
478,2,2.0,880,560021,680000
479,1,1.0,794,560003,660000
480,3,2.0,1340,560058,925000
481,4,2.5,2560,560058,1712000
482,4,2.0,2178,560058,880000
483,2,1.0,1180,560094,870260
484,4,3.5,3220,560010,2195000
485,3,3.0,2070,560010,730000
486,3,2.5,2131,560010,1520000
487,2,3.0,970,560064,769900
488,6,3.5,2430,560021,870000
489,3,2.5,1395,560080,725000
490,3,2.5,1810,560092,922000
491,2,1.0,904,560012,520000
492,1,1.0,717,560020,425000
493,5,3.0,2170,560064,775000
494,4,3.0,3120,560042,1670000
495,3,2.0,1870,560021,849000
496,4,3.5,2285,560084,1500000
497,3,2.5,2783,560009,1640000
498,4,2.0,2540,560003,1280000
499,2,2.0,1734,560052,725000
500,2,1.0,1010,560003,870000
501,3,2.5,1420,560097,890000
502,3,1.0,1410,560040,475000
503,3,2.0,2320,560040,880000
504,1,1.0,553,560091,335000
505,3,2.0,1719,560003,1160000
506,4,2.0,2037,560064,1247500
507,1,1.0,954,560022,555000
508,2,1.5,1370,560022,700000
509,2,1.0,1480,560030,905000
510,5,4.5,3636,560007,2840000
511,3,1.5,1780,560050,650000
512,3,2.0,1094,560026,649995
513,1,1.0,830,560002,695000
514,2,2.0,834,560053,351000
515,2,1.5,1035,560085,656500
516,4,3.0,2790,560050,965000
517,2,2.0,859,560002,499950
518,4,3.5,5690,560002,3630000
519,2,1.0,772,560076,409000
520,3,1.0,1430,560083,499800
521,3,2.5,1460,560026,575000
522,3,2.5,1386,560002,999950
523,5,3.0,2310,560103,780000
524,2,1.5,1340,560049,675000
525,2,4.0,1291,560056,800500
526,3,2.5,2320,560068,949000
527,3,2.5,2150,560026,1360000
528,2,2.0,1885,560002,550000
529,3,2.0,1425,560018,750000
530,3,2.5,1810,560018,1000000
531,2,1.0,1280,560053,859000
532,3,3.0,1480,560061,729000
533,3,3.0,2110,560050,1270000
534,2,1.0,1027,560026,300000
535,1,1.0,808,560067,730000
536,3,2.5,1569,560029,950000
537,3,3.0,2247,560062,1725000
538,3,1.0,1220,560062,750000
539,2,1.0,1060,560100,900000
540,4,2.0,1920,560019,1210000
541,1,1.0,804,560019,425000
542,2,1.0,813,560085,452500
543,4,1.5,1740,560026,649950
544,3,1.5,2230,560026,1075000
545,4,2.5,2760,560026,640000
546,3,3.0,1660,560087,795000
547,3,2.5,1360,560068,805000
548,4,4.5,5200,560085,2600000
549,3,2.5,1573,560030,1030000
550,1,1.0,700,560102,645000
551,4,3.0,1700,560076,649000
552,4,3.5,2560,560066,1325000
553,3,2.0,1330,560038,680000
554,4,2.0,2180,560085,838000
555,3,2.0,1350,560078,785000
556,2,1.5,1720,560041,725000
557,4,3.5,3060,560070,3931000
558,2,2.0,954,560011,380000
559,2,2.5,1460,560078,599950
560,4,3.0,1540,560067,1108000
561,1,1.0,709,560067,470000
562,3,1.5,2560,560067,720000
563,1,1.0,534,560085,324000
564,2,2.5,1440,560098,875000
565,1,1.0,627,560034,462750
566,3,2.5,1324,560062,649950
567,2,2.0,1290,560034,635000
568,1,1.0,748,560034,499000
569,2,2.5,1830,560095,1730000
570,3,2.0,1660,560036,795000
571,3,1.0,1964,560078,625000
572,3,2.0,1460,560074,759000
573,1,1.0,683,560004,450500
574,4,2.0,2060,560011,812500
575,4,2.0,1160,560068,710000
576,3,2.0,1540,560048,680000
577,1,1.0,529,560056,265000
578,2,1.0,1860,560037,898000
579,1,1.0,648,560004,515000
580,5,4.0,4490,560067,1150000
581,6,4.0,2310,560076,849000
582,3,3.5,3130,560076,2350000
583,2,1.0,2110,560049,376000
584,3,1.5,1590,560099,700000
585,3,2.5,1280,560087,900000
586,2,1.0,840,560067,495000
587,3,2.0,2020,560019,950000
588,4,3.0,3610,560002,2330000
589,4,3.5,2336,560039,1080000
590,2,1.0,1040,560002,350000
591,1,1.0,620,560075,399000
592,1,1.0,728,560070,360000
593,3,2.5,1970,560087,715000
594,4,3.0,2190,560004,1490000
595,4,3.0,2120,560098,920000
596,2,2.0,1415,560059,449000
597,4,3.5,1835,560067,1299950
598,2,4.5,1670,560027,1115000
599,3,3.5,2570,560004,2000000
600,3,2.0,2060,560027,700000
601,3,2.5,1740,560002,1678000
602,5,3.0,2510,560034,910000
603,2,2.5,1000,560050,660000
604,3,2.0,1516,560061,1150000
605,3,1.0,940,560029,500000
606,4,2.0,2440,560041,1116000
607,5,4.0,2470,560028,1005000
608,2,2.0,1288,560056,755000
609,4,3.5,3240,560087,1995000
610,2,2.0,693,560078,490000
611,3,2.5,1550,560017,825000
612,4,2.0,2080,560049,750000
613,4,3.0,1400,560004,1000000
614,2,2.5,1159,560018,885000
615,2,1.5,901,560047,599000
616,4,3.0,2900,560066,1175000
617,4,2.5,2052,560027,865000
618,1,1.0,773,560070,685000
619,2,2.0,1040,560078,345000
620,2,2.0,2353,560024,1160000
621,2,2.0,1212,562130,600000
622,5,2.0,2640,560070,1000000
623,2,1.0,1090,560069,580000
624,5,2.5,3960,562149,1850000
625,4,1.5,3030,562157,1500000
626,4,2.5,3080,562149,650000
627,1,1.0,700,562157,405000
628,2,1.5,1276,562157,885000
629,3,1.0,910,562149,480000
630,5,3.5,4180,562157,3000000
631,1,1.0,852,562157,430000
632,5,1.5,2830,562130,766000
633,2,1.0,970,562149,600000
634,3,2.0,1576,562130,974999
635,1,1.0,667,562130,327500
636,3,2.0,1080,560081,875000
637,2,5.5,2659,560091,6250000
638,5,5.0,3623,560089,1975000
639,4,3.5,2520,560090,1765000
640,4,3.5,2720,560073,1750000
641,2,2.0,968,560091,715000
642,2,2.0,839,560089,385000
643,2,3.5,2080,560088,1495000
644,2,2.0,693,560089,480000
645,2,2.5,1365,560091,525000
646,2,1.0,1580,560073,500000
647,2,1.0,860,560089,750000
648,2,2.0,1038,560090,600000
649,4,3.0,2860,560090,1600000
650,1,1.0,557,560062,370000
651,2,2.0,1644,560083,2250000
652,5,2.0,2340,560068,613000
653,3,2.5,1810,560076,1000000
654,2,1.0,2530,560082,700000
655,3,3.5,1820,560099,1125000
656,2,1.0,648,560035,430000
657,2,2.5,1448,560060,1325000
658,2,1.0,1660,560083,535000
659,5,3.0,2970,560099,1225000
660,5,4.0,3030,560099,1250000
661,3,2.0,1400,560082,530000
662,2,1.5,900,560083,549755
663,3,2.0,2740,560060,1278500
664,2,1.0,720,560060,545000
665,4,2.5,1880,560060,1050000
666,3,2.5,1681,560060,650000
667,4,2.0,3325,560083,1650000
668,5,3.5,4397,560068,3400000
669,3,1.5,1540,560082,689000
670,3,1.0,1530,560060,435000
671,2,2.0,1015,560062,468000
672,4,3.0,2340,560082,780000
673,1,1.0,836,560062,605000
674,1,1.0,492,560082,205000
675,3,3.0,1880,560082,999950
676,2,2.0,1570,562130,849000
677,4,2.5,1806,562110,745000
678,2,2.0,1595,562110,945000
679,2,2.0,1526,562110,893000
680,3,2.5,1346,562110,899000
681,3,2.0,1600,562110,877500
682,2,2.0,1170,562110,655000
683,3,2.5,1660,562135,690000
684,1,1.0,707,562110,325000
685,3,2.0,1390,562110,899950
686,3,2.0,2900,562110,1305000
687,1,1.0,704,562135,519950
688,3,4.0,2400,562110,1460000
689,3,1.0,1120,562110,985000
690,4,2.0,1710,562110,1170000
691,3,2.0,1880,562110,955000
692,3,3.0,1454,562135,890955
693,14,5.0,3884,562135,1300000
694,3,1.5,2300,562110,1125000
695,4,3.0,2520,562110,1025000
696,4,3.0,3335,562135,1325000
697,3,2.5,2118,562110,837000
698,2,1.0,910,562110,825000
699,4,1.0,2080,562110,800000
700,2,1.0,2520,562110,810000
701,3,2.0,1560,562110,965000
702,2,1.0,1130,561205,1180000
703,1,1.0,543,561204,425000
704,1,1.0,620,561204,524950
705,3,3.0,1720,561203,865000
706,2,2.0,1015,561204,500000
707,1,1.0,530,561203,390800
708,4,2.0,1350,561205,700000
709,3,2.5,1510,561205,717500
710,1,1.5,1021,561203,1099900
711,3,1.0,1730,561204,900000
712,2,2.0,3120,561204,1050000
713,4,2.5,2172,561204,975000
714,3,3.5,1410,561204,740000
715,1,1.0,578,561203,379000
716,2,2.0,1350,561205,960000
717,2,2.0,900,561204,1650000
718,2,2.5,1865,561204,890000
719,2,2.0,1174,561204,779000
720,3,1.5,1250,561204,552000
721,5,3.0,3590,561204,1700000
722,3,2.0,1548,561205,850000
723,4,3.0,3030,561203,1119000
724,1,1.0,622,561203,387000
725,4,2.0,2245,561203,775000
726,4,3.5,2627,561203,1650000
727,4,2.5,3680,561203,1880000
728,2,1.0,2170,561204,950000
729,3,1.0,1600,561203,1023000
730,2,2.5,2803,561203,2320000
731,3,1.5,2120,561203,865000
732,3,2.5,1980,561203,675000
733,3,2.0,1370,561203,1270000
734,1,1.0,723,561203,315000
735,4,1.5,1300,561203,975000
736,3,2.0,1060,561203,599000
737,1,1.0,531,561203,396000
738,2,1.0,770,561203,490000
739,4,3.0,2470,561203,1180000
740,3,2.5,2260,561203,1406000
741,2,1.5,1120,562122,605000
742,3,3.5,1936,562129,1295000
743,2,2.5,1560,562129,730000
744,2,2.0,1020,562129,605000
745,3,2.0,1100,562122,645000
746,3,2.0,2120,562114,1130000
747,2,2.5,1400,562114,1062500
748,2,2.0,1429,562114,855000
749,3,2.5,1320,562122,835000
750,4,4.5,4790,562114,1750000
751,3,1.0,1070,562114,515000
752,2,2.5,1966,562129,1495000
753,2,2.0,1146,562114,675000
754,3,2.5,1047,562114,720000
755,2,1.5,1760,562122,650000
756,2,2.0,1030,562114,826500
757,3,2.0,1514,562114,915000
758,3,1.5,1520,562114,720000
759,4,3.5,3360,562122,1575000
760,3,2.0,1910,562114,725000
761,2,2.5,1550,562114,1051500
762,1,1.0,641,562114,349000
763,3,3.0,1190,562122,765000
764,4,2.0,2640,562122,700000
765,2,1.5,938,562129,425000
766,3,3.5,2206,562122,1116000
767,1,1.0,680,562129,355000
768,2,1.0,749,562122,489000
769,2,2.0,1353,562114,785000
770,1,1.0,250,562119,159000
771,8,4.0,3136,561101,1005000
772,2,2.0,1149,561201,730000
773,1,1.0,861,562131,405000
774,4,2.5,2050,562127,805000
775,2,2.0,1106,562131,700000
776,3,3.5,1930,562127,600000
777,4,3.0,3090,562131,210000
778,3,2.0,2437,562131,1275000
779,2,2.5,1330,562131,699950
780,3,2.0,1680,562127,910000
781,2,2.0,834,561101,552450
782,2,2.0,1112,562131,675000
783,1,1.0,626,561101,275000
784,2,1.0,1230,562127,326000
785,4,2.5,2840,562127,1200000
786,2,1.5,1115,562127,745000
787,4,2.0,2240,561101,750000
788,3,3.0,1687,562127,946000
789,4,3.0,1900,561101,1150000
790,3,3.0,1970,562127,1395000
791,3,2.5,1512,562127,760000
792,1,1.0,696,562131,449000
793,2,1.5,806,561101,510000
794,2,2.0,1319,562127,838000
795,2,1.0,2300,561101,525000
796,2,1.5,1127,562131,1008000
797,4,2.0,2280,562127,640000
798,2,2.0,1120,562127,789500
799,4,3.0,1960,562123,1270000
800,1,1.0,627,562123,335000
801,2,2.0,1228,562123,900000
802,3,2.0,1800,562111,1130000
803,1,1.0,883,562111,500000
804,4,1.0,1190,562111,463900
805,5,5.5,5770,562123,5000000
806,2,2.5,1710,562123,875000
807,2,2.0,968,562111,700000
808,2,1.0,790,562111,532500
809,1,1.0,376,562132,1000000
810,6,5.5,4510,562123,2202718
811,3,2.0,1300,562111,1100000
812,3,3.5,2106,562123,1266000
813,3,2.5,1573,562123,1099950
814,4,2.0,2870,562123,703500
815,4,3.5,4006,562111,2940000
816,2,1.0,1060,562132,875000
817,1,1.0,562,562111,285000
818,3,2.5,1610,562111,840000
819,2,3.0,1212,562123,600000
820,4,2.5,2390,562123,1350000
821,2,1.0,1080,562123,950000
822,2,1.0,1350,562123,850000
823,4,3.5,2795,562123,1740000
824,2,2.0,1369,562123,720000
825,2,1.0,970,562132,1075000
826,3,3.5,1820,562111,1250000
827,3,2.0,1770,562123,500000
828,6,4.0,3280,562123,999950
829,3,1.0,1260,562111,440000
830,4,2.5,1939,562123,1025000
831,1,1.0,610,562132,679950
832,4,3.0,2200,562132,874999
833,3,3.5,3036,562111,3250000
834,3,2.5,1861,562123,1395000
835,3,2.0,1650,562130,750000
836,1,1.0,722,562130,299900
837,3,2.0,1260,562123,615000
838,2,2.5,2714,562132,1735000
839,2,2.0,1020,562111,605000
840,3,3.5,1471,562123,799990
841,3,2.5,1500,591106,1023500
842,2,1.0,1080,591123,650000
843,4,2.5,1544,591123,889000
844,2,2.0,1004,591123,320000
845,4,2.0,1470,590016,460000
846,4,2.0,1680,591123,930000
847,4,2.0,2420,591102,948750
848,4,3.5,2011,591103,1130000
849,2,2.0,896,591106,549250
850,2,2.0,1415,590018,445000
851,2,2.5,840,590014,629000
852,1,1.0,434,590005,345000
853,4,2.5,2730,591304,1175000
854,3,1.5,1350,591248,599000
855,3,3.5,1740,591303,840000
856,3,2.5,1940,591212,1140000
857,4,1.0,1340,591304,685000
858,2,2.0,1110,591304,689000
859,3,2.5,1380,591304,613000
860,3,2.5,1400,591304,785000
861,3,2.0,2110,591304,815000
862,1,1.0,557,591304,399950
863,3,2.0,1830,591304,835000
864,3,2.0,1480,591304,780000
865,3,1.5,1550,591304,835000
866,3,2.0,1670,591304,620000
867,4,2.5,2890,591223,1650000
868,3,3.5,1590,591304,820000
869,1,1.0,630,591304,439900
870,4,2.0,1440,591230,760000
871,3,2.5,2529,591232,1650000
872,3,3.0,1086,591234,539950
873,3,2.0,1565,591304,985000
874,2,2.0,916,591304,760000
875,3,7.0,2190,591304,1868000
876,2,2.0,1400,591304,530000
877,3,3.5,1352,591240,886000
878,4,4.0,2030,591315,1349000
879,3,2.0,1455,591242,959822
880,5,4.0,3240,591304,1825000
881,3,2.0,924,591304,422000
882,2,2.0,1470,591265,825000
883,3,2.0,1758,591304,1130000
884,3,2.5,1830,591316,960000
885,2,1.0,1019,591248,640000
886,4,3.0,2970,591212,1950000
887,3,3.5,1500,591232,700000
888,3,2.0,2020,591248,900000
889,3,3.5,2188,591230,1700000
890,1,1.0,507,591248,460000
891,2,1.5,1131,591212,699950
892,2,2.0,982,591265,705000
893,2,2.0,1889,591212,2750000
894,2,1.0,1440,591248,699990
895,2,2.0,789,591230,475000
896,2,2.0,1131,591316,575000
897,4,3.0,3300,591265,1995000
898,4,2.0,2510,591232,1025000
899,2,2.5,1580,591232,1790000
900,1,2.0,966,591232,640000
901,1,1.0,703,591240,350000
902,2,2.0,1220,591242,600000
903,9,5.0,3590,591265,1100400
904,6,5.5,4299,591265,3300000
905,1,1.0,900,591303,369950
906,3,2.5,1260,591234,750000
907,2,2.5,1048,591212,760000
908,4,1.0,1470,591212,699999
909,1,1.0,1113,591248,595000
910,2,2.0,1570,591265,715000
911,3,2.5,2740,591303,1375000
912,2,2.5,1470,591316,885000
913,4,2.0,1710,591234,685000
914,3,2.5,1580,591240,1095000
915,2,1.0,800,591212,550000
916,3,1.0,980,591242,500000
917,5,3.5,3700,591232,2075000
918,4,2.0,2352,591303,1450000
919,3,3.0,2320,591316,675000
920,2,2.0,1503,591240,729000
921,4,5.5,2410,591240,1500000
922,2,1.5,950,591234,1270000
923,3,1.5,1640,591248,1060000
924,3,1.5,2440,591240,1400000
925,1,1.0,594,591265,405000
926,4,2.0,1480,591232,665000
927,3,2.5,1220,591240,618000
928,3,2.0,2740,591315,1305000
929,3,3.0,2160,591212,1300000
930,2,2.0,1400,591232,850000
931,3,2.5,2650,591232,1112000
932,2,2.0,2735,591230,871000
933,1,1.0,750,591303,420000
934,2,1.0,1201,591212,605000
935,6,6.0,3488,591316,1225000
936,4,2.0,1742,591316,781000
937,4,2.0,2390,591232,1195000
938,3,1.0,4018,591248,517500
939,3,3.5,1530,591230,1089000
940,1,1.0,600,591115,370000
941,5,3.5,3340,591112,2500000
942,2,1.0,2060,591102,525000
943,3,2.5,1650,591102,675000
944,1,1.0,640,591115,497000
945,2,2.0,1106,591102,1470000
946,2,2.0,1200,591102,519000
947,3,2.5,1390,591102,575000
948,3,2.0,1759,591102,890000
949,2,1.5,1690,591115,779000
950,4,3.5,2191,591104,1394600
951,3,2.5,1380,591125,655000
952,2,2.0,877,591104,415000
953,5,4.0,2754,591104,956000
954,3,2.0,2770,591109,700000
955,1,1.0,515,591153,309000
956,3,2.0,2029,591115,685000
957,4,3.0,2560,591147,890000
958,5,3.5,2966,591102,1263500
959,3,2.5,1763,591153,1135000
960,3,2.5,1550,591104,1350000
961,2,1.0,830,591121,645000
962,2,2.0,1019,591104,499000
963,1,1.0,696,591121,385000
964,5,3.5,5090,591102,4325000
965,3,4.5,1460,591102,700000
966,2,2.0,1036,591104,789950
967,1,1.0,854,591115,540000
968,3,3.0,1687,591118,1035000
969,3,1.5,1430,591153,438000
970,2,2.0,1960,591112,580000
971,4,3.5,2720,591153,1395000
972,1,1.0,706,591102,520000
973,3,2.0,2600,591153,1525000
974,3,2.0,1900,591115,965000
975,2,1.5,1580,591104,1300000
976,1,1.0,1270,591104,915000
977,4,2.5,2320,591115,1001000
978,3,1.0,910,591115,650000
979,2,2.0,878,591115,675000
980,2,1.0,1915,591115,725000
981,3,2.0,2462,591102,1150000
982,4,3.5,2640,591153,1750000
983,3,2.5,1670,591118,875000
984,3,1.0,1090,591121,630000
985,3,3.5,1621,591125,1085000
986,4,2.0,2591,591112,800000
987,2,2.0,1400,591125,1295000
988,2,2.5,840,591147,612500
989,4,3.5,2910,591104,2325000
990,2,1.0,1410,591121,590000
991,2,1.0,770,591121,560000
992,3,2.0,1900,591102,1299000
993,3,2.0,2760,591125,1256000
994,3,2.0,1290,591102,925000
995,3,2.0,1111,591121,849000
996,2,2.0,850,591115,889900
997,2,1.5,900,591104,568000
998,6,5.0,2667,591125,900000
999,2,1.5,1320,591115,810000
1000,2,2.0,1370,591147,500000
1001,2,1.0,1140,591125,528000
1002,3,1.0,1380,591115,890000
1003,3,2.0,1422,591153,780000
1004,2,2.0,1065,591104,430000
1005,2,3.0,2943,591115,1650000
1006,3,2.0,1250,591102,625000
1007,3,2.0,2390,591121,1150000
1008,1,1.0,569,591118,400000
1009,3,2.0,1680,591102,1087500
1010,1,1.0,683,591143,679000
1011,1,1.0,627,590003,475000
1012,2,2.0,840,590010,645000
1013,3,1.5,1880,591108,749000
1014,2,2.0,881,590006,550000
1015,2,1.0,850,591109,778000
1016,1,1.0,525,591109,375000
1017,3,1.5,2170,590016,1250000
1018,2,1.0,1110,591131,820000
1019,4,3.5,3930,590014,2925000
1020,2,1.0,1047,591103,762500
1021,1,1.0,653,591103,475000
1022,3,1.5,1710,590003,1000000
1023,5,3.0,2120,591124,750000
1024,3,4.0,2360,591128,1325000
1025,4,4.0,2250,591108,1070000
1026,4,2.0,2320,591108,1150000
1027,4,3.5,3490,590016,1480000
1028,4,2.5,2500,590001,1295000
1029,2,1.0,792,590001,520000
1030,2,2.5,1490,590001,855000
1031,3,2.5,1700,590001,1475000
1032,2,2.0,1261,590001,625000
1033,4,2.0,2440,590016,1060000
1034,3,2.5,1420,590001,750000
1035,3,2.0,1380,590001,740000
1036,3,2.0,1111,590001,849000
1037,3,1.5,1920,590003,865000
1038,3,1.5,1220,590001,660000
1039,3,3.0,4010,590005,3050000
1040,2,2.0,1170,590016,644999
1041,3,2.5,1600,590010,699900
1042,1,1.0,760,590009,309000
1043,2,1.5,1290,590003,762500
1044,2,1.0,980,590003,800000
1045,2,1.5,1022,590016,660000
1046,2,1.5,1260,590001,715000
1047,5,2.0,2660,591108,1125000
1048,1,1.0,644,590006,350000
1049,1,1.0,664,591109,305000
1050,1,1.0,468,591156,275000
1051,4,3.0,2680,591108,2100000
1052,4,2.0,1640,591143,730000
1053,3,2.0,2000,590014,925000
1054,2,2.0,1523,590005,639950
1055,4,3.0,2430,591109,520000
1056,2,2.0,1199,590006,375000
1057,4,3.0,2160,591109,980000
1058,4,2.5,1354,591128,485000
1059,1,1.0,738,590003,490000
1060,2,2.0,1425,591143,899000
1061,6,7.0,4570,591108,1950000
1062,2,1.5,940,590011,640000
1063,3,3.5,1710,591109,699000
1064,3,2.5,1430,591113,855000
1065,3,3.5,1500,591113,598800
1066,3,1.5,1376,590005,780000
1067,4,3.5,4002,591109,2100000
1068,4,1.0,1600,591143,652000
1069,1,1.0,807,590010,380000
1070,5,3.0,2055,591113,1100000
1071,1,1.0,647,591128,377500
1072,2,2.0,940,590016,579000
1073,2,1.5,1150,590014,590000
1074,2,2.5,1459,590010,665000
1075,4,2.5,1910,590010,1625000
1076,4,3.0,2297,591103,783000
1077,4,2.5,2320,590016,820000
1078,5,3.5,2387,591143,1125000
1079,5,3.5,3270,590016,2000000
1080,3,2.5,1530,590014,899999
1081,2,1.0,1150,591128,845714
1082,3,2.0,1237,591131,747250
1083,3,2.5,1760,591143,850000
1084,1,1.0,808,590014,560000
1085,2,2.0,2720,591108,720000
1086,4,2.0,1345,591108,962000
1087,4,3.0,2600,591103,1750000
1088,3,2.0,2209,591124,715000
1089,2,2.5,950,591103,695000
1090,4,2.5,1530,591103,675000
1091,2,1.0,830,590016,942000
1092,3,2.0,1590,591124,910000
1093,3,3.0,1524,591109,850000
1094,4,3.0,1920,590014,2095000
1095,4,2.0,2660,590014,1357000
1096,3,2.0,2284,590014,850000
1097,3,2.5,1604,591108,760000
1098,4,4.0,2555,590006,1500000
1099,3,1.5,2460,591124,1150000
1100,3,2.5,2793,590014,1732000
1101,2,1.5,1540,591124,751000
1102,3,1.0,950,591108,589000
1103,3,1.5,1720,590005,426000
1104,2,2.0,1470,590003,707000
1105,5,2.5,3500,590006,875000
1106,2,1.5,984,590016,499999
1107,3,2.5,1570,591128,901000
1108,1,1.0,700,591128,647201
1109,2,2.0,1188,591108,450000
1110,3,2.5,2570,591108,1175000
1111,3,2.5,1631,591215,1049950
1112,3,2.0,1596,591211,505000
1113,2,2.5,820,591213,525000
1114,3,2.5,1610,591241,875000
1115,1,1.0,812,591226,480000
1116,3,2.0,1425,591215,759999
1117,2,2.5,1086,591214,884950
1118,2,2.5,1043,591222,690000
1119,3,2.0,1440,591215,1195000
1120,1,1.0,590,591241,435000
1121,2,2.0,1152,591263,1325000
1122,4,2.0,2040,591216,1175000
1123,3,2.0,2092,591213,2000000
1124,3,1.0,1780,591237,975000
1125,3,2.5,3560,591201,1575000
1126,2,2.5,1475,591201,945000
1127,4,2.5,1890,591201,668000
1128,4,2.0,2790,591222,930000
1129,4,3.5,2600,591247,2225000
1130,3,2.0,1060,591287,575000
1131,3,1.0,2180,591201,720000
1132,2,2.0,1761,591214,665000
1133,3,2.0,1379,591238,729950
1134,3,1.5,2550,591219,958748
1135,4,3.5,3815,591237,2895000
1136,4,2.0,2634,591241,1500000
1137,1,1.0,540,591215,335000
1138,3,3.5,3064,591226,2450000
1139,2,1.0,860,591247,565000
1140,3,2.5,1690,591215,807500
1141,3,3.5,1800,591242,750000
1142,2,2.0,1071,591226,605000
1143,2,1.0,807,591216,525000
1144,3,2.5,1350,591237,899000
1145,4,2.0,2900,591213,1275000
1146,3,3.0,1880,591222,999950
1147,1,1.0,677,591247,270000
1148,1,1.0,703,591244,498000
1149,1,1.0,527,591214,399000
1150,1,1.0,820,591226,530000
1151,3,2.5,1360,591226,700000
1152,4,3.5,2600,591213,1950000
1153,4,3.5,2852,591228,1715000
1154,3,3.5,1370,591237,619000
1155,3,1.5,2000,591229,1400000
1156,3,2.0,1096,591287,849950
1157,3,3.5,3380,591215,1599500
1158,3,2.5,1616,591241,990000
1159,3,3.0,1620,591287,1058000
1160,2,2.0,970,591211,634400
1161,1,2.0,1009,591244,525000
1162,3,2.0,2270,591211,1550000
1163,3,1.0,1200,591215,500000
1164,2,2.0,1225,591213,725000
1165,2,2.0,1081,591216,620000
1166,3,2.0,1380,591229,775000
1167,2,1.0,1200,591226,1025100
1168,2,2.0,1620,591222,835000
1169,3,2.0,2950,591241,1500000
1170,1,1.0,513,591247,315000
1171,4,2.0,2100,591238,1225000
1172,3,2.0,1705,591244,910000
1173,4,4.5,3610,591287,2800000
1174,3,3.5,1800,591214,1050000
1175,3,1.0,2130,591237,850000
1176,2,2.0,1367,591237,1350000
1177,3,2.5,1730,591237,800000
1178,4,3.5,4194,591237,3500000
1179,9,9.0,3780,591211,1210000
1180,2,2.0,1778,591211,1900000
1181,3,3.0,1410,591237,865000
1182,2,2.0,1088,591238,475000
1183,4,1.0,1340,591237,875000
1184,5,1.0,2380,591239,539000
1185,3,4.5,2140,591228,1835000
1186,3,2.0,2080,591241,738000
1187,2,1.0,1410,591214,799000
1188,1,1.0,571,591237,331000
1189,4,2.5,2340,591214,870000
1190,5,4.5,5210,591214,3320000
1191,1,1.0,733,591237,545000
1192,2,1.5,1060,591213,530000
1193,2,2.5,996,591211,799000
1194,4,2.0,1850,591229,1200000
1195,1,1.0,690,591237,560000
1196,4,2.0,2260,591222,1330000
1197,4,3.5,3190,591226,2130000
1198,3,2.5,1846,591222,1060000
1199,3,2.0,1700,591238,999999
1200,4,2.0,2240,591213,795000
1201,4,2.0,1660,591244,1127500
1202,2,3.0,1780,591241,720000
1203,4,3.5,2270,591101,710000
1204,1,1.0,603,591101,432000
1205,3,3.5,2024,591306,1200000
1206,2,2.5,1103,591306,780000
1207,3,1.0,1460,591227,880000
1208,6,7.0,4260,591306,2300000
1209,3,2.5,1660,591307,816750
1210,3,1.5,1350,591344,750000
1211,4,3.0,2949,591233,1610000
1212,3,2.5,1718,591227,900000
1213,2,1.0,1370,591233,1000000
1214,4,2.5,1822,591312,1033000
1215,2,1.0,800,591227,690000
1216,1,1.0,718,591218,459000
1217,2,2.0,909,591306,420000
1218,2,1.0,903,591307,312500
1219,2,2.0,1297,591306,880000
1220,3,2.0,2140,591307,925000
1221,4,5.0,2970,591307,1450000
1222,2,2.0,900,591308,590000
1223,2,2.0,2600,591307,750000
1224,2,1.0,1180,591307,419000
1225,1,1.0,564,591307,602000
1226,4,2.0,1700,591227,891000
1227,3,3.0,1524,591306,875000
1228,3,3.0,1410,591306,1200000
1229,1,1.0,831,591312,480000
1230,5,3.0,3060,591307,889000
1231,2,2.0,1213,591312,422000
1232,4,2.0,2352,591227,1295000
1233,1,1.0,534,591227,223000
1234,2,1.0,724,591224,530000
1235,4,3.5,2304,591344,1550000
1236,3,1.0,1450,591227,1125000
1237,2,1.0,980,591224,475000
1238,2,1.5,1550,591312,1550000
1239,1,1.0,704,591227,645000
1240,1,1.5,1425,591233,2200000
1241,1,1.0,794,591344,516000
1242,5,3.5,4060,591312,2888000
1243,2,2.0,979,591233,470000
1244,4,2.0,1830,591344,950000
1245,2,1.0,1260,591344,626000
1246,2,1.0,1027,591231,300000
1247,5,2.0,3210,591306,688000
1248,2,1.0,968,591136,399950
1249,3,2.0,1049,591122,900000
1250,2,1.5,1054,591307,709000
1251,2,2.0,1586,591101,1460000
1252,4,2.0,1760,591344,999950
1253,2,1.0,860,591233,480000
1254,4,2.5,1560,591101,1110000
1255,4,3.0,3110,591233,1500000
1256,3,2.0,1440,591227,935000
1257,3,2.0,1500,591231,770000
1258,3,1.5,2160,591307,915000
1259,4,5.5,3100,591312,1375000
1260,1,1.0,522,591231,325000
1261,3,2.0,1560,591307,920000
1262,3,3.0,3400,591312,1150000
1263,2,2.0,1761,591312,665000
1264,2,1.5,1076,591224,549000
1265,2,2.0,1217,591307,787950
1266,3,3.5,1450,591231,670000
1267,2,1.0,1000,591306,750000
1268,2,2.5,1124,591312,799950
1269,4,3.5,3070,591224,1900000
1270,1,1.0,480,591224,275000
1271,3,2.0,1860,591344,1165000
1272,2,1.0,740,591306,500000
1273,3,2.0,1440,591312,830000
1274,1,1.0,758,591231,469000
1275,3,1.0,1340,591101,765000
1276,3,3.0,1700,591227,1275000
1277,4,3.5,2950,591233,1800000
1278,1,1.0,616,591307,374000
1279,3,2.5,4240,591227,2725000
1280,4,3.5,3495,591224,2000000
1281,3,3.0,2560,591122,1300000
1282,3,3.0,2040,591227,1000000
1283,3,1.0,890,591307,575000
1284,3,1.5,1730,591136,870000
1285,1,1.0,816,591136,560000
1286,4,2.0,2400,591306,900000
1287,3,2.5,1270,591225,675000
1288,4,3.0,1830,591236,1352000
1289,3,2.5,2470,591236,800000
1290,4,4.0,2300,591313,1210000
1291,4,2.5,1600,591309,699000
1292,1,1.0,510,591309,308000
1293,2,2.0,1387,591225,649000
1294,3,2.5,2230,591221,555000
1295,1,1.0,956,591122,870000
1296,3,3.0,1872,591309,1050000
1297,4,5.0,2030,591305,700000
1298,4,2.0,1980,591309,785000
1299,3,3.0,1180,591309,729000
1300,4,2.5,2630,591243,1340000
1301,4,2.0,2010,591305,1100000
1302,4,3.5,3487,591236,2010000
1303,4,2.0,2570,591313,850000
1304,2,2.0,1440,591254,390000
1305,2,2.0,1131,591107,470000
1306,2,1.0,1440,591243,675000
1307,3,3.5,2010,591313,1111111
1308,2,3.0,1073,591243,429900
1309,4,3.5,3300,591313,1575000
1310,4,2.0,3040,591107,1665500
1311,4,2.5,2500,591221,577000
1312,4,1.0,1810,591107,655500
1313,2,2.0,1878,591225,1171600
1314,3,2.0,1411,591309,699000
1315,3,1.0,3960,591309,722500
1316,3,1.0,1000,591309,750000
1317,5,2.0,2300,591305,1266000
1318,2,2.5,890,591243,510000
1319,5,3.0,2820,591305,1550000
1320,3,1.0,1620,591340,600000
1321,3,2.0,1470,591225,875000
1322,2,2.5,1088,591122,475000
1323,5,2.0,2160,591306,795000
1324,3,3.5,3105,591236,2250000
1325,2,2.0,1200,591340,699950
1326,2,2.0,1240,591225,710000
1327,3,2.5,1550,591254,1065000
1328,7,4.0,2300,591221,1095000
1329,4,3.0,2466,591309,1299000
1330,2,2.0,1817,591243,2100000
1331,4,3.0,1500,591225,1155000
1332,4,2.0,2380,591122,525000
1333,2,2.0,1524,591254,710000
1334,3,2.5,1370,591243,699500
1335,3,2.0,1449,591340,720000
1336,2,2.0,1140,591236,850000
1337,3,2.5,1010,591107,615000
1338,9,5.0,3014,591122,835000
1339,3,3.5,1450,591313,580000
1340,2,2.0,1248,591254,890955
1341,4,2.0,2600,591313,1098500
1342,3,2.0,1328,591314,929950
1343,1,1.0,614,591313,369950
1344,4,3.0,2481,591313,999000
1345,4,1.0,1420,591313,445000
1346,4,3.0,2040,591313,1410000
1347,3,3.0,1390,591305,1095000
1348,2,3.0,920,591225,690000
1349,4,3.5,1835,591309,1299950
1350,4,2.0,1840,591305,825000
1351,3,2.5,3020,591313,1450000
1352,3,2.0,2520,591309,1050000
1353,4,5.0,2240,591243,965000
1354,3,3.5,1644,591243,820000
1355,3,2.5,1880,591221,725000
1356,2,2.0,995,591309,850000
1357,1,1.0,568,591246,330000
1358,2,3.0,1226,591221,589990
1359,2,1.0,730,591309,25000000
1360,4,2.0,1500,591237,947000
1361,3,2.0,2080,591302,800000
1362,3,3.0,1425,591131,819950
1363,4,2.5,3840,591302,2195000
1364,4,3.0,2074,591106,812500
1365,5,3.0,3556,591106,2250000
1366,1,1.0,1100,591131,745000
1367,2,1.0,730,591112,545000
1368,4,2.0,1170,591131,390000
1369,4,3.0,2240,591301,625000
1370,4,2.0,1750,591112,855000
1371,2,2.0,1695,591302,1150000
1372,5,3.0,2480,591301,1135000
1373,4,2.5,1420,591302,760000
1374,2,1.0,990,591120,474000
1375,2,1.0,1520,591120,820000
1376,5,2.0,2100,591120,599950
1377,3,3.0,1740,591131,1010000
1378,2,2.0,1760,591112,750000
1379,2,2.0,1021,591302,981250
1380,4,3.5,3018,591112,1795000
1381,2,1.5,1024,591302,495000
1382,1,1.0,945,591106,385000
1383,2,1.0,2380,591301,640000
1384,5,5.0,3810,591120,1180000
1385,2,2.5,1048,591302,899000
1386,3,1.5,1610,591120,1106000
1387,1,1.0,701,591302,315000
1388,4,2.5,2213,591131,1075000
1389,2,2.0,1071,591106,719000
1390,2,1.0,850,591302,813000
1391,3,3.0,1280,591301,900000
1392,3,1.0,980,591106,700000
1393,4,3.5,3840,591302,1250000
1394,2,2.0,1006,591106,650000
1395,4,2.0,1450,591301,1185000
1396,4,2.0,2140,591120,960000
1397,4,3.0,2480,591302,1605000
1398,5,2.0,2420,591302,960000
1399,3,4.5,1760,591302,1440000
1400,2,2.0,1170,591302,624999
1401,3,2.0,1730,591131,910000
1402,1,1.0,376,590014,1000000
1403,1,1.0,636,591302,450000
1404,3,2.0,1940,591302,895000
1405,4,2.5,3400,591112,2100000
1406,3,2.0,1360,591302,830000
1407,2,2.0,875,591302,656500
1408,6,2.0,2230,591120,700000
1409,5,2.0,4190,591120,2300000
1410,3,2.5,2220,591120,1167500
1411,2,1.0,830,591301,450000
1412,3,2.5,2090,591317,820000
1413,3,1.0,1210,591220,795000
1414,2,1.0,691,591317,998000
1415,3,2.5,1820,591317,690000
1416,4,2.5,3105,591222,1040000
1417,4,2.0,1680,591217,517500
1418,3,2.0,2495,591317,1250000
1419,5,3.0,2450,591317,1270000
1420,4,2.0,2787,591217,1207000
1421,5,3.5,3310,591311,1637500
1422,2,2.0,1699,591235,640000
1423,5,4.0,3180,591220,2100000
1424,5,2.5,3350,591220,1275000
1425,2,2.0,1365,591235,799000
1426,3,3.0,1660,591317,1200000
1427,3,1.5,1880,591222,489000
1428,1,1.0,580,591235,395000
1429,3,2.0,1270,591222,590000
1430,3,1.0,860,591235,699000
1431,1,1.0,580,591220,475000
1432,3,3.5,1840,591311,1025000
1433,1,1.0,615,591220,315000
1434,5,3.0,2140,591311,850000
1435,2,2.0,1437,591311,969950
1436,2,1.5,1390,591222,759950
1437,2,1.5,870,591317,700000
1438,5,4.5,2840,591317,500000
1439,3,2.0,2260,591317,877000
1440,2,2.0,886,591235,660000
1441,1,1.0,505,591317,325000
1442,2,1.0,1048,591213,760000
1443,4,2.0,1800,591317,1100000
1444,2,2.0,1390,591317,954500
1445,3,2.5,2600,591217,1475000
1446,4,2.0,2640,591222,780000
1447,2,1.5,1020,591235,765000
1448,3,3.0,2630,591311,1130000
1449,4,3.5,2910,591317,1865000
1450,3,2.0,1580,591317,1000000
1451,2,1.0,885,591317,389000
1452,3,2.0,2100,591220,1325000
1453,4,2.0,2010,591220,1250000
1454,4,2.0,1480,591213,830000
1455,3,2.0,1560,591235,1180000
1456,1,1.0,889,591311,648888
1457,1,1.0,664,591311,322000
1458,2,2.0,804,591235,465600
1459,4,2.0,2080,591217,975000
1460,2,1.0,910,591220,800000
1461,3,2.5,1620,591317,875100
1462,3,3.5,1970,591311,868500
1463,3,2.0,1720,591127,869000
1464,4,2.0,1545,591130,1253000
1465,3,2.5,1710,591130,1190000
1466,1,2.0,1141,591114,699950
1467,2,3.0,1276,591123,520000
1468,2,1.5,1978,591130,858000
1469,2,1.0,1060,591130,700000
1470,5,3.5,3220,591114,820000
1471,4,2.0,1170,591114,530000
1472,3,2.0,1770,591127,660000
1473,2,2.0,1420,591123,690000
1474,4,2.5,2980,591114,1445000
1475,4,1.5,1630,591130,734950
1476,1,1.0,743,591114,522250
1477,2,1.0,680,591127,625000
1478,2,1.0,900,591123,409050
1479,1,1.0,635,591114,380000
1480,5,3.5,3400,591127,3340000
1481,3,2.0,1300,591130,735000
1482,2,2.0,1094,591114,675000
1483,3,2.5,1763,591123,1125000
1484,2,1.0,940,591123,550000
1485,3,2.5,1820,591123,990000
1486,1,1.0,650,591126,468000
1487,2,2.0,1200,591123,705000
1488,3,2.0,1939,591130,1070000
1489,4,2.0,1780,591123,1181500
1490,3,2.0,2370,591123,1180000
1491,2,2.5,1411,591123,830000
1492,2,1.0,512,591123,312000
1493,4,2.5,2360,591130,1750000
1494,3,2.0,2630,591123,1290000
1495,5,3.0,2700,591127,1025000
1496,1,1.0,605,591114,370000
1497,2,1.0,767,591123,349950
1498,2,1.0,1015,591127,650000
1499,2,2.0,1245,591130,330000
1500,1,1.0,513,591114,315000
1501,1,1.0,780,591114,500000
1502,4,3.0,2050,591130,920000
1503,2,2.0,1060,591123,650000
1504,2,2.0,950,591110,705000
1505,3,1.5,1870,591129,500000
1506,3,2.5,1060,591126,765000
1507,3,2.5,1860,591117,1025000
1508,3,1.5,1420,591126,980000
1509,3,1.0,1390,591111,850000
1510,3,2.0,1096,591117,874500
1511,3,1.0,1100,591126,468000
1512,3,1.0,1010,591117,475000
1513,3,3.5,1730,591102,975000
1514,2,1.5,1480,591126,948800
1515,3,2.0,1890,591119,700000
1516,4,2.0,2500,591110,972500
1517,4,3.5,2840,591110,925000
1518,3,2.0,1608,591110,732000
1519,2,2.5,1701,591116,1354000
1520,1,1.0,376,591126,1000000
1521,1,2.0,1250,591119,160000
1522,3,2.5,1790,591126,1050000
1523,4,2.0,1670,591110,650000
1524,3,2.0,1640,591119,900000
1525,4,4.5,3228,591110,2050000
1526,4,2.0,1720,591126,705000
1527,4,2.0,2060,591126,575000
1528,3,2.0,1840,591126,865000
1529,4,3.5,3180,591126,2485000
1530,3,3.0,1760,591111,670000
1531,2,1.0,1350,591126,799950
1532,2,2.0,1403,591111,480000
1533,3,2.0,1740,591117,1310000
1534,3,2.0,1490,591129,900000
1535,3,3.0,2380,591126,1385000
1536,1,1.0,815,591111,465000
1537,4,3.5,2900,591126,1337000
1538,5,3.0,2370,591129,800000
1539,4,1.0,2470,591129,770000
1540,4,1.0,1740,591117,925000
1541,1,1.0,690,591111,290000
1542,5,3.5,2610,591117,915000
1543,4,3.5,2015,591119,1240000
1544,5,3.5,3880,591129,2975000
1545,4,2.0,2280,591119,625000
1546,4,3.0,2570,591121,1555000
1547,5,2.0,2740,591116,1175000
1548,2,2.0,1469,591119,900000
1549,3,2.5,2860,591129,1630000
1550,2,2.0,1479,591119,640000
1551,5,4.5,3370,591126,1975000
1552,3,1.0,1300,591129,1000000
1553,2,1.0,780,591126,675000
1554,5,6.0,6990,591126,1880000
1555,2,2.5,867,591117,679000
1556,2,2.0,1217,591129,787950
1557,3,2.5,2120,591126,1365000
1558,2,2.0,1042,591129,639000
1559,2,2.0,1163,591126,648800
1560,3,3.5,1580,591119,760000
1561,3,2.0,1740,591117,1070000
1562,4,3.0,1810,591117,1118000
1563,1,1.0,1186,591110,665000
1564,3,1.0,1177,591111,650000
1565,2,1.5,770,591126,550000
1566,4,2.0,1870,591129,1040000
1567,1,1.0,696,591119,305000
1568,3,2.5,1380,583104,523750
1569,2,1.0,1650,583115,630000
1570,3,2.0,1640,583103,700000
1571,3,3.5,1360,583115,700000
1572,3,1.0,970,583116,625000
1573,1,1.0,490,583102,250000
1574,5,2.0,2180,583117,950000
1575,4,3.5,2970,583117,2080000
1576,4,2.0,2340,583101,1800000
1577,3,3.0,1420,583104,950000
1578,3,2.5,1520,583101,818000
1579,2,2.0,1242,583102,769950
1580,4,3.0,3410,583101,1850000
1581,4,1.0,1150,583101,575000
1582,1,1.0,691,583103,321000
1583,3,2.0,1170,583101,740000
1584,3,2.0,1360,583101,850000
1585,2,2.0,1200,583101,620000
1586,4,2.0,2680,583101,950000
1587,2,1.0,670,583103,510000
1588,1,1.0,545,583103,350000
1589,3,3.5,1240,583101,690000
1590,1,1.0,700,583101,300000
1591,4,3.0,2940,583152,1250000
1592,2,2.0,1187,583102,750000
1593,4,2.0,1488,583117,750000
1594,3,1.0,970,583117,515000
1595,3,2.5,1681,583103,610000
1596,2,2.0,1144,583138,769950
1597,4,3.5,2860,583116,1657500
1598,1,1.0,773,583113,425000
1599,3,2.5,3100,583111,2610000
1600,4,3.5,2400,583115,1750000
1601,3,2.5,2920,583116,985000
1602,2,1.0,876,583116,550000
1603,5,3.0,3450,583117,1981000
1604,3,2.5,1330,583113,819999
1605,4,3.5,2440,583117,1185000
1606,3,3.5,1580,583116,950000
1607,3,2.0,2299,583117,1435000
1608,1,1.0,594,583103,360000
1609,1,1.0,475,583113,385000
1610,5,3.0,2360,583117,1240000
1611,4,3.0,1780,583138,1184000
1612,3,2.0,2250,583102,2080000
1613,2,2.0,1073,583103,429900
1614,5,3.0,1900,583115,895000
1615,5,2.5,3090,583102,1600000
1616,5,6.5,6240,583113,3122000
1617,1,1.0,573,583103,310000
1618,2,1.0,770,583117,640000
1619,1,1.0,820,583115,590000
1620,3,2.0,1622,583111,692950
1621,2,1.0,1210,583111,725000
1622,3,1.5,1240,583102,850000
1623,3,3.0,2080,583103,762000
1624,2,2.0,875,583113,625000
1625,1,1.0,597,583102,360000
1626,2,2.0,1370,583138,280000
1627,4,2.0,2425,583117,1295000
1628,4,2.5,1760,583102,925000
1629,2,2.5,994,583102,670000
1630,1,1.0,515,583103,387000
1631,3,3.5,1660,583113,765000
1632,4,2.0,1730,583115,875000
1633,5,3.0,1790,583116,964000
1634,1,1.0,715,583113,500000
1635,2,2.0,1470,583102,718000
1636,3,2.0,2440,583117,1000000
1637,4,2.0,2880,583115,1485000
1638,3,2.0,1678,583117,1160000
1639,3,2.0,1400,583116,780000
1640,6,4.5,5200,583113,3050000
1641,1,1.0,806,583113,525000
1642,4,3.0,2311,583138,1211000
1643,3,1.5,1060,583102,535000
1644,2,1.0,1150,583115,575000
1645,5,3.0,2580,583102,1500000
1646,4,3.5,3240,583103,2675000
1647,5,3.5,3710,583104,2525000
1648,4,3.5,1632,583102,825000
1649,6,7.0,4641,583103,1850000
1650,3,3.5,1846,583115,1170000
1651,2,2.0,1353,583138,770000
1652,3,2.0,1240,583117,705000
1653,2,1.0,1760,583103,550000
1654,2,3.0,1290,583113,845000
1655,1,1.5,1285,583102,1250000
1656,4,2.5,3707,583103,2100000
1657,3,2.0,1120,583103,600000
1658,6,5.0,3300,583116,3598950
1659,3,2.0,2160,583115,825000
1660,2,1.0,1440,583115,488000
1661,5,2.0,2567,583138,1550000
1662,3,2.0,1960,583138,865000
1663,3,3.5,1657,583115,847198
1664,5,3.0,2610,583115,1795000
1665,2,2.0,1213,583102,800000
1666,1,1.0,777,583212,244950
1667,3,3.5,1590,583222,899000
1668,2,2.0,1893,583224,727000
1669,3,1.5,1570,583212,975000
1670,4,3.0,2440,583220,1850000
1671,4,4.0,3463,583220,2050000
1672,2,4.5,1840,583224,1049000
1673,2,2.0,1554,583212,660000
1674,1,1.0,567,583212,451000
1675,1,1.0,665,583212,479425
1676,2,1.0,950,583214,337000
1677,2,2.0,1371,583224,1295000
1678,3,2.0,2040,583212,695000
1679,4,2.5,2780,583224,1530000
1680,5,3.5,3410,583224,1725000
1681,2,1.5,2280,583212,650000
1682,3,2.0,2100,583212,510000
1683,2,2.0,1101,583224,780000
1684,4,3.5,1964,583214,1180000
1685,3,1.5,1030,583214,739000
1686,2,2.0,1042,583214,630000
1687,3,3.5,1740,583214,1020000
1688,1,2.0,1302,583212,740000
1689,2,2.0,905,583224,670000
1690,1,1.0,460,583212,1250000
1691,3,2.0,1540,583212,900000
1692,1,1.0,656,583224,470000
1693,5,2.0,2800,583212,1200000
1694,3,3.5,2480,583212,1500000
1695,5,3.0,2170,583224,740000
1696,5,4.0,2447,583212,1500000
1697,3,2.0,2164,583212,800000
1698,2,1.0,740,583212,553500
1699,3,2.5,2080,583211,1200000
1700,2,1.0,1800,583201,25000000
1701,2,2.0,1180,583132,527000
1702,3,2.0,2020,583132,1625000
1703,3,3.5,1150,583223,625000
1704,3,2.0,1220,583129,824900
1705,2,1.0,810,583211,435000
1706,1,1.0,696,583222,400000
1707,3,3.5,2030,583222,1200000
1708,5,3.5,3930,583129,1800000
1709,5,2.0,2920,583129,1359000
1710,4,2.0,1460,583223,787500
1711,4,1.5,2770,583222,850000
1712,2,2.0,1523,583223,1425000
1713,3,3.5,1690,583222,965000
1714,3,1.0,1170,583222,825000
1715,4,2.0,2370,583129,1125000
1716,1,1.0,712,583215,620000
1717,2,1.0,976,583239,475000
1718,2,2.0,1042,583201,610000
1719,2,2.0,1040,583201,685000
1720,1,1.0,722,583201,452100
1721,2,2.0,1367,583203,1350000
1722,1,1.0,733,583201,490000
1723,2,1.0,970,583201,480000
1724,3,2.0,1711,583132,675500
1725,2,1.0,860,583276,675000
1726,1,1.0,712,583239,385000
1727,1,1.0,704,583223,569000
1728,3,2.5,1790,583221,590000
1729,3,2.0,2140,583132,918000
1730,4,3.0,2040,583132,940000
1731,3,2.0,1894,583132,697000
1732,4,2.5,2750,583132,1680000
1733,4,3.5,2900,583223,1600000
1734,2,1.0,670,583239,490000
1735,4,2.5,2190,583239,1075000
1736,4,1.5,1810,583222,764000
1737,3,3.0,1440,583129,1050000
1738,3,2.0,2170,583132,560000
1739,2,2.0,993,583211,709600
1740,3,3.5,1450,583222,835000
1741,4,3.5,2336,583223,975000
1742,4,3.0,2320,583132,1472500
1743,3,2.0,1470,583132,600000
1744,1,1.0,672,583129,485000
1745,3,1.5,990,583129,775000
1746,4,3.0,2110,583225,1180000
1747,3,1.0,1670,583222,731000
1748,3,2.0,2060,583221,756110
1749,3,1.0,1920,583222,456000
1750,3,2.5,2910,583222,1975000
1751,2,1.5,912,583220,819980
1752,1,1.0,645,583220,305000
1753,2,2.5,1160,583216,850000
1754,3,1.0,2280,583217,1005000
1755,3,2.5,1515,583217,905000
1756,3,2.5,2600,583219,875000
1757,3,2.0,1000,583219,710000
1758,2,1.0,672,583216,373000
1759,2,2.0,1320,583214,860000
1760,3,2.0,2190,583217,840000
1761,1,2.0,1517,583216,1350000
1762,4,2.0,2160,583216,1400000
1763,4,1.0,2290,583216,905000
1764,3,1.0,1920,583214,725000
1765,3,3.0,1540,583219,800000
1766,2,2.0,983,583217,542500
1767,2,1.5,1670,583219,1025000
1768,2,2.0,880,583219,614500
1769,2,2.0,1526,583217,825000
1770,1,1.0,569,583214,435000
1771,4,3.0,2700,583216,1100000
1772,2,2.5,2282,583216,475000
1773,7,3.5,4530,583220,2950000
1774,1,1.0,698,583217,399999
1775,3,2.0,1590,583216,880000
1776,2,1.0,770,583216,460000
1777,3,2.0,2840,583220,1400000
1778,6,3.0,2350,583216,850000
1779,1,1.0,630,583220,335000
1780,1,1.0,482,583219,220000
1781,4,3.5,4350,583220,2000000
1782,1,3.0,1730,583217,750000
1783,1,1.0,761,583219,400000
1784,3,2.0,1684,583219,870000
1785,3,2.5,2040,583219,1200000
1786,2,2.0,1057,583219,599900
1787,3,2.0,2256,583214,1370000
1788,4,2.0,1900,583216,670000
1789,2,1.0,760,583219,775000
1790,2,1.0,780,583219,395000
1791,4,3.0,3020,583219,1499000
1792,1,2.5,2220,583219,1200000
1793,2,2.0,877,583219,415000
1794,4,2.0,1530,583135,645000
1795,2,1.0,850,583218,580000
1796,3,2.5,1860,583135,1050000
1797,2,2.0,980,583135,849950
1798,3,2.0,1470,583134,933500
1799,2,1.0,980,583130,598000
1800,2,2.0,1003,583135,875000
1801,3,1.0,996,583126,560000
1802,1,1.0,980,583130,485000
1803,4,1.5,2380,583218,937000
1804,2,2.0,2470,583130,1525000
1805,4,4.0,2120,583134,900000
1806,2,2.5,840,583126,720000
1807,4,5.0,1910,583126,800000
1808,2,1.0,1380,583135,640000
1809,4,5.0,2390,583134,1500000
1810,4,3.0,2840,583130,1399990
1811,2,1.0,875,583134,355000
1812,3,2.5,1813,583135,1275000
1813,3,3.5,2996,583130,2050000
1814,5,3.5,5020,583126,1550000
1815,3,2.0,1498,583134,935000
1816,2,1.0,711,583135,485000
1817,4,3.0,2740,583126,1220000
1818,3,2.0,1328,583136,920000
1819,2,2.0,1332,583134,845000
1820,3,2.0,2020,583135,840000
1821,1,1.0,916,583218,652500
1822,2,2.0,1546,583218,669000
1823,4,3.0,2970,583218,720000
1824,3,3.5,1615,583218,796000
1825,2,2.0,1170,583130,625000
1826,3,2.0,1350,583126,722500
1827,2,2.0,1143,583134,689900
1828,3,2.5,1220,583218,900000
1829,4,1.5,2100,583134,875000
1830,4,1.5,3200,583126,1290000
1831,1,2.0,1137,583134,930000
1832,3,2.0,2930,583134,775000
1833,2,1.0,808,583130,422500
1834,4,4.0,2550,583126,1550000
1835,2,2.0,789,583135,475000
1836,3,3.0,2546,583136,1810000
1837,2,1.0,680,583218,565000
1838,2,1.5,1000,583218,640000
1839,3,2.0,1676,583218,840000
1840,2,1.0,985,583134,790000
1841,1,1.0,750,583134,725000
1842,1,1.0,843,583134,370000
1843,4,2.0,3220,583135,2000000
1844,2,2.0,2340,583135,1398000
1845,1,1.0,543,583126,390000
1846,5,3.0,4040,583135,1650000
1847,2,1.0,990,583218,455000
1848,4,4.0,2850,583126,1755000
1849,4,2.5,1620,583130,849950
1850,1,1.0,514,583126,345000
1851,2,1.0,1240,583136,656500
1852,3,2.5,1620,583126,935000
1853,3,3.0,1608,583135,625000
1854,4,1.0,1530,583136,740000
1855,4,2.0,2270,583136,1335000
1856,1,1.0,908,583136,475000
1857,2,1.0,1180,583218,677000
1858,1,1.0,672,583130,464000
1859,3,1.5,998,583134,610000
1860,4,2.0,2220,583135,740000
1861,1,1.0,700,583126,405000
1862,7,6.0,7636,583130,2225000
1863,4,5.5,3530,583126,1550000
1864,3,2.0,1620,583130,675000
1865,4,3.0,1620,583218,950000
1866,2,2.0,1138,583134,515000
1867,1,1.0,669,583130,385000
1868,4,3.5,2600,583136,1060000
1869,3,2.0,1960,583135,900000
1870,2,2.0,950,583128,395000
1871,2,2.0,1410,583124,880000
1872,2,1.5,1022,583119,729000
1873,4,2.0,2840,583128,1175000
1874,1,1.0,712,583128,500000
1875,5,2.0,1920,583128,739000
1876,3,3.5,3880,583118,2500000
1877,3,2.0,1010,583112,650000
1878,6,4.0,3300,583119,1237500
1879,3,1.0,1070,583112,580000
1880,3,1.0,1270,583124,1050000
1881,3,2.0,1413,583128,1099970
1882,3,2.5,1820,583128,1030000
1883,2,2.0,1415,583119,469000
1884,3,3.0,2212,583123,1470000
1885,3,3.5,3290,583119,1400000
1886,2,2.0,1391,583128,672500
1887,2,2.0,1372,583112,649950
1888,2,1.5,960,583123,515000
1889,3,2.5,1890,583119,699000
1890,4,3.0,2230,583129,1150000
1891,1,1.5,952,583124,750000
1892,2,1.0,925,583129,535000
1893,4,2.0,1820,583119,760000
1894,8,4.5,3600,583119,1500000
1895,2,2.5,1305,583128,770000
1896,3,2.0,1840,583128,959630
1897,1,1.0,782,583112,519990
1898,2,2.5,1040,583119,705000
1899,2,2.0,1050,583112,480000
1900,2,2.0,1019,583123,813000
1901,4,2.5,3198,583119,1712000
1902,1,1.0,557,583123,222000
1903,2,2.5,950,583128,675000
1904,3,1.0,1050,583123,835000
1905,1,1.0,533,583275,300000
1906,3,1.0,860,583112,425000
1907,4,3.0,1890,583124,699000
1908,2,2.5,1138,583114,515000
1909,4,2.0,1830,583121,535000
1910,2,1.0,1980,583122,699950
1911,3,5.5,1730,583121,850000
1912,3,3.0,2462,583122,915000
1913,3,3.5,1300,583121,583000
1914,4,2.0,1550,583114,1325000
1915,3,3.5,1679,583114,689000
1916,3,1.0,1220,583114,680000
1917,3,1.5,1540,583120,535000
1918,3,2.0,1520,583120,916500
1919,3,1.0,1320,583120,529000
1920,2,1.0,1290,583121,640000
1921,3,2.5,1870,583114,890000
1922,3,3.5,1762,583120,1000000
1923,3,1.0,1240,583122,531000
1924,3,1.5,1307,583120,650000
1925,2,2.0,1167,583122,650000
1926,2,1.5,1070,583114,849950
1927,2,1.0,1820,583120,1037300
1928,3,2.0,1790,583122,900000
1929,5,3.5,3700,583122,2050000
1930,4,3.5,3340,583114,2100000
1931,4,2.5,2250,583121,924900
1932,3,2.0,1799,583121,940000
1933,1,1.0,584,583120,411000
1934,5,2.5,4639,583121,3350000
1935,3,1.0,1810,583120,512000
1936,1,1.0,907,583114,585000
1937,3,2.0,2120,583121,1345000
1938,1,1.0,616,583121,399900
1939,6,6.0,1780,583120,733500
1940,4,2.0,2630,583120,1350000
1941,5,3.0,3060,583114,950000
1942,3,2.0,2700,583122,734000
1943,5,4.0,2030,583121,670000
1944,3,2.5,1620,583114,770000
1945,5,4.5,5704,583122,4000000
1946,2,1.0,700,583121,800000
1947,2,3.0,1260,583114,770000
1948,4,2.0,1770,583120,1425000
1949,4,2.5,1812,583120,825000
1950,1,1.0,648,583120,395000
1951,2,2.0,840,583121,725000
1952,3,2.0,2100,583121,845000
1953,5,3.0,2550,583121,1450000
1954,1,1.0,774,583114,265000
1955,2,2.5,1736,583122,970000
1956,3,2.5,2198,583122,1675000
1957,2,1.0,770,583120,620000
1958,2,2.0,1150,583114,725000
1959,3,2.0,2330,585326,1098000
1960,5,4.5,4693,585417,2650000
1961,3,3.0,1790,585326,755000
1962,4,3.5,2960,585326,1700000
1963,1,1.0,591,585436,434000
1964,2,2.0,1391,585326,860000
1965,3,2.0,1160,585436,566000
1966,1,1.0,720,585443,365000
1967,1,1.0,701,585436,325000
1968,4,2.0,2570,585326,1495000
1969,3,2.0,1611,585417,915000
1970,4,2.5,2474,585443,1725000
1971,3,2.0,1300,585421,778000
1972,2,2.5,840,585326,620000
1973,2,2.0,1100,585443,749000
1974,3,2.5,2730,585326,1199000
1975,2,2.0,1004,585421,325000
1976,3,3.0,1650,585417,950000
1977,3,3.0,1650,585417,974999
1978,4,1.0,1850,585326,600000
1979,5,3.5,4050,585436,2895000
1980,1,1.0,865,585326,712500
1981,2,2.0,1252,585436,1349000
1982,3,3.0,1790,585326,1325000
1983,5,3.0,2020,585417,899000
1984,3,1.5,1280,585417,750000
1985,4,2.0,1630,585421,942000
1986,3,3.5,1460,585421,740000
1987,3,2.0,1210,585417,875000
1988,4,2.0,2080,585417,1098000
1989,4,2.0,3542,585443,1150000
1990,3,1.5,2200,585421,860000
1991,1,1.0,603,585417,400000
1992,2,2.0,1456,585326,575000
1993,2,2.5,1169,585326,615000
1994,2,1.0,1770,585443,926000
1995,4,2.0,1641,585417,538800
1996,1,1.0,600,585421,310000
1997,2,1.5,860,585421,734950
1998,4,3.5,4990,585421,4815000
1999,3,2.0,1749,585417,699950
2000,3,4.0,1580,585436,825000
2001,3,2.5,2340,585421,1900000
2002,6,3.0,2440,585443,925000
2003,1,1.0,705,585326,490000
2004,2,2.0,1227,585417,715000
2005,5,4.0,2734,585326,1300000
2006,2,2.0,839,585326,385000
2007,3,1.0,1120,585326,708000
2008,3,2.0,1482,585417,919000
2009,3,3.5,1680,585421,675000
2010,2,2.0,1400,585417,699950
2011,3,2.0,1370,585326,910000
2012,1,1.0,889,585421,550000
2013,4,2.0,2140,585417,1150000
2014,2,2.0,795,585326,590000
2015,3,2.0,1710,585421,659000
