beds,baths,size,size_units,lot_size,lot_size_units,zip_code,price
3,2.5,2590,sqft,6000,sqft,587206,795000
4,2,2240,sqft,0.31,acre,587155,915000
4,3,2040,sqft,3783,sqft,587206,950000
4,3,3800,sqft,5175,sqft,587201,1950000
2,2,1042,sqft,,,587201,950000
2,2,1190,sqft,1,acre,587201,740000
1,1,670,sqft,6000,sqft,587155,460000
5,3.5,4510,sqft,6000,sqft,587114,3150000
3,2.5,1520,sqft,741,sqft,587201,565000
4,2,2340,sqft,9500,sqft,587206,699000
3,2,1320,sqft,1386,sqft,587201,899000
3,2,1800,sqft,3993,sqft,587114,1050000
3,2.5,2490,sqft,5757,sqft,587114,935625
4,3,2650,sqft,6380,sqft,587202,1511000
5,1.5,2560,sqft,5200,sqft,587203,1330000
2,1.5,900,sqft,,,587203,549755
3,3.5,1360,sqft,,,587203,700000
1,1,550,sqft,,,587206,330000
3,2.5,2974,sqft,3840,sqft,587201,1750000
4,3.5,1989,sqft,1607,sqft,587203,980000
2,2,1332,sqft,1101,sqft,587205,845000
4,3,2668,sqft,5589,sqft,587201,1213000
2,1,770,sqft,5250,sqft,587201,530000
3,1.5,1280,sqft,9100,sqft,587205,625000
5,3.5,3200,sqft,9260,sqft,587114,1275000
2,1.5,889,sqft,0.23,acre,587206,680000
1,1,508,sqft,,,587206,325000
3,2,3140,sqft,5000,sqft,587114,1219700
4,2,2000,sqft,8077,sqft,587201,907200
1,1,792,sqft,,,587201,517000
3,2.5,1690,sqft,1733,sqft,587206,760000
4,5.5,3000,sqft,5520,sqft,587114,1484000
3,3,1550,sqft,1400,sqft,587205,950000
2,2,871,sqft,0.29,acre,587201,430000
4,1.5,1940,sqft,8778,sqft,587205,520000
1,1,474,sqft,,,587206,335000
3,2,1770,sqft,3349,sqft,587155,805000
5,5,2510,sqft,0.27,acre,587205,1000000
1,1,750,sqft,,,587201,375000
1,1,573,sqft,,,587205,390000
3,2.5,1500,sqft,1056,sqft,587206,1070000
5,4,2920,sqft,6323,sqft,587206,948000
3,2,2817,sqft,6375,sqft,587201,912000
1,1,617,sqft,0.49,acre,587155,480000
2,2,1280,sqft,3000,sqft,587155,776000
2,2,1523,sqft,,,587201,1395000
2,1,1240,sqft,5038,sqft,587201,750000
4,2.5,2280,sqft,3932,sqft,587203,1065000
5,3.5,3590,sqft,0.36,acre,587155,2350000
4,3.5,2478,sqft,2761,sqft,587202,1580000
3,3,2360,sqft,6600,sqft,587206,1775000
2,1,720,sqft,7500,sqft,587201,600000
3,2,2480,sqft,5829,sqft,587201,800000
3,2,1550,sqft,6720,sqft,587155,1100000
2,1,780,sqft,3060,sqft,587206,750000
5,3,2820,sqft,6250,sqft,587201,865000
5,3,2900,sqft,3600,sqft,587206,1450000
2,2,1092,sqft,5500,sqft,587206,829000
3,2,1731,sqft,7514,sqft,587203,575000
3,2.5,1500,sqft,8240,sqft,587201,860000
2,2.5,1344,sqft,1110,sqft,587206,770000
4,5.5,4040,sqft,8965,sqft,587201,5495000
5,3,2320,sqft,0.27,acre,587201,560000
5,3,2820,sqft,6250,sqft,587205,900000
3,1,1070,sqft,3840,sqft,587155,575000
2,1,1113,sqft,,,587203,595000
4,2,2100,sqft,4864,sqft,587206,950000
3,2.5,2620,sqft,4080,sqft,587206,1300000
3,2,1270,sqft,1333,sqft,587201,727000
3,2,2702,sqft,6600,sqft,587201,1605000
4,3.5,2031,sqft,1,acre,587111,1480000
3,2,2350,sqft,7320,sqft,587111,888000
4,1.5,2640,sqft,7440,sqft,587101,1850000
3,1.5,1340,sqft,5120,sqft,587101,615000
6,3.5,8660,sqft,0.28,acre,587102,4100000
2,2.5,1365,sqft,,,587101,525000
1,1,635,sqft,,,587103,509950
3,1,1800,sqft,0.27,acre,587103,549000
2,1,870,sqft,6554,sqft,587111,555000
3,3.5,1510,sqft,1239,sqft,587111,660000
3,1,1120,sqft,6096,sqft,587111,615000
4,2.5,2580,sqft,0.26,acre,587115,1635000
2,2,875,sqft,,,587115,420000
3,4,2220,sqft,974,sqft,587115,1650000
1,1,607,sqft,,,587115,427000
3,2,1496,sqft,1,acre,587111,910000
4,3.5,2670,sqft,3405,sqft,587207,1022700
2,1.5,1810,sqft,6827,sqft,587204,925000
1,1,582,sqft,0.5,acre,587115,360000
2,2,1006,sqft,,,587204,928000
3,5.5,1530,sqft,1336,sqft,587103,635000
2,1,820,sqft,5100,sqft,587103,490000
3,2,1960,sqft,5000,sqft,587115,950000
4,3,2110,sqft,0.24,acre,587103,760000
4,3.5,3010,sqft,4000,sqft,587207,985000
3,1,2200,sqft,5000,sqft,587111,1250000
3,2.5,1820,sqft,4.05,acre,587207,690000
4,4,3040,sqft,4000,sqft,587111,1585000
3,2,1800,sqft,6180,sqft,587111,936000
1,1,800,sqft,,,587111,450000
3,3,1450,sqft,525,sqft,587111,750000
1,1,756,sqft,,,587204,550000
1,1,742,sqft,,,587204,354000
4,2,2400,sqft,5400,sqft,587111,1385000
2,2,1607,sqft,,,587111,1865000
4,3.5,3057,sqft,7650,sqft,587111,1800000
1,1,649,sqft,,,587111,346600
4,4,3142,sqft,6000,sqft,587103,1600000
3,1,1050,sqft,3750,sqft,587207,399950
3,2,1720,sqft,5000,sqft,587111,855000
3,3.5,2650,sqft,8500,sqft,587207,1095000
2,1.5,2680,sqft,6000,sqft,587111,1125000
4,2.5,2550,sqft,5000,sqft,587120,1560000
9,4,3800,sqft,6000,sqft,587103,1343000
2,2,1320,sqft,,,587204,525000
4,2,1910,sqft,6000,sqft,587207,630000
2,1,773,sqft,0.25,acre,587204,360000
1,1,589,sqft,,,587204,375000
1,1,510,sqft,,,587103,302500
4,3.5,2661,sqft,4081,sqft,587116,1165000
2,2,843,sqft,,,587121,346250
4,3,2250,sqft,5250,sqft,587116,1150000
4,1.5,2080,sqft,5000,sqft,587121,950000
3,3.5,1370,sqft,982,sqft,587116,699500
1,1,699,sqft,4.27,acre,587117,335000
2,3,1840,sqft,9420,sqft,587116,800000
4,3.5,3040,sqft,0.39,acre,587117,1495000
2,1,858,sqft,,,587116,500000
5,8.5,3110,sqft,4455,sqft,587117,1606500
2,2,1147,sqft,564,sqft,587116,749950
2,1,868,sqft,,,587117,415000
2,2.5,1538,sqft,900,sqft,587111,895000
2,1,1480,sqft,4600,sqft,587116,720000
2,2,932,sqft,,,587116,435000
2,2,981,sqft,,,587204,450000
2,2,866,sqft,649,sqft,587116,555000
4,3.5,2000,sqft,1532,sqft,587116,870000
3,3.5,1470,sqft,1375,sqft,587301,845000
2,2,1840,sqft,5000,sqft,587116,1200000
4,2,2230,sqft,5940,sqft,587116,925000
2,1.5,1290,sqft,1332,sqft,587116,795000
3,2.5,1670,sqft,,,587116,600000
1,1,630,sqft,0.24,acre,587301,459000
3,2,1880,sqft,3200,sqft,587116,911000
2,2,1188,sqft,,,587116,1350000
2,1.5,1300,sqft,3146,sqft,587116,570288
1,1,857,sqft,,,587117,529000
2,2,1071,sqft,1.54,acre,587116,605000
5,4,2810,sqft,5000,sqft,587116,1295000
4,2.5,2400,sqft,3200,sqft,587116,1595000
3,3.5,1670,sqft,,,587117,600000
3,2.5,2734,sqft,4000,sqft,587116,1605200
3,2.5,1670,sqft,1687,sqft,587116,865000
3,3,1530,sqft,2260,sqft,587117,745000
4,1,1720,sqft,2835,sqft,587124,543750
3,1,1200,sqft,5786,sqft,587118,1099950
5,3,2030,sqft,5046,sqft,587125,905000
3,2,2370,sqft,4865,sqft,587112,1200000
3,1.5,1720,sqft,3825,sqft,587125,825000
1,1,813,sqft,0.24,acre,587125,680000
3,2,1590,sqft,8937,sqft,587112,720000
1,1,626,sqft,,,587112,389200
2,1,840,sqft,4000,sqft,587202,489000
2,2,1030,sqft,,,587115,575000
5,2.5,2870,sqft,8741,sqft,587125,520000
1,1,792,sqft,,,587125,675000
2,1.5,994,sqft,1494,sqft,587120,580000
3,2,1630,sqft,6000,sqft,587124,630000
3,1.5,1172,sqft,,,587125,685000
3,2,1806,sqft,4400,sqft,587112,799000
4,2.5,3060,sqft,4590,sqft,587118,1450000
5,3.5,3820,sqft,7200,sqft,587118,1350000
2,2,1328,sqft,,,587115,510000
3,2.5,2350,sqft,7200,sqft,587154,1582800
3,2.5,2080,sqft,9880,sqft,587112,977000
3,1,1000,sqft,5960,sqft,587118,710000
2,1.5,1131,sqft,1,acre,587154,685000
4,3,2230,sqft,9625,sqft,587118,1205000
5,3,3130,sqft,5750,sqft,587154,2095000
5,3,3750,sqft,5000,sqft,587112,1580000
2,2,1080,sqft,,,587115,450000
2,2,1720,sqft,5000,sqft,587154,985000
1,1,854,sqft,,,587154,455000
3,2,1286,sqft,870,sqft,587112,738000
2,1.5,1230,sqft,,,587118,650000
2,1,1422,sqft,3399,sqft,587118,715000
4,3.5,3956,sqft,0.29,acre,587115,3200000
6,5,3620,sqft,5500,sqft,587112,1420000
3,1.5,1370,sqft,6556,sqft,587202,659950
1,1,700,sqft,,,587154,325100
2,3,1824,sqft,0.37,acre,587125,2458000
1,1,956,sqft,,,587125,870000
4,2,2370,sqft,5000,sqft,587125,1350000
4,2.5,2200,sqft,5146,sqft,587154,825000
6,3,3020,sqft,0.75,acre,587125,775000
5,3,3400,sqft,0.43,acre,587120,756500
3,1,1660,sqft,4349,sqft,587118,749900
4,2,2080,sqft,7200,sqft,587120,675000
2,1.5,917,sqft,,,587125,625000
2,1,900,sqft,6150,sqft,587154,480000
4,4.5,3960,sqft,7025,sqft,587125,2485000
1,1,889,sqft,,,587207,723000
5,3.5,3310,sqft,6328,sqft,587124,1575000
1,1,621,sqft,0.31,acre,587125,289900
3,3.5,1467,sqft,,,587118,859990
4,2,1910,sqft,5166,sqft,587154,685000
3,2.5,1563,sqft,1950,sqft,587120,839950
5,3.5,3340,sqft,0.24,acre,587202,980000
4,3,2390,sqft,3600,sqft,587118,1300000
2,1.5,1131,sqft,1,acre,587125,670000
2,2,1201,sqft,720,sqft,587112,699950
3,3,1940,sqft,5000,sqft,587120,450000
1,1,519,sqft,,,587118,354000
2,1,1760,sqft,4625,sqft,587115,715000
4,3,1680,sqft,3080,sqft,587124,905000
2,2,1192,sqft,928,sqft,587120,719950
4,4,2300,sqft,3589,sqft,587124,1440000
3,2.5,2304,sqft,5000,sqft,587118,1100000
4,4,2650,sqft,6000,sqft,587154,1000000
5,4,4210,sqft,5200,sqft,587202,2625000
4,3,2840,sqft,9996,sqft,587115,1350000
2,1,980,sqft,4100,sqft,587125,863000
4,4.5,2440,sqft,5000,sqft,586126,1900000
2,2,1140,sqft,2550,sqft,586125,590000
4,3.5,1824,sqft,3250,sqft,586125,1299000
2,2,1115,sqft,0.96,acre,586126,1069000
4,3,2478,sqft,4001,sqft,586126,2095000
2,2,1140,sqft,5445,sqft,586126,665000
3,1.5,1172,sqft,5760,sqft,586126,685000
2,2,1433,sqft,1948,sqft,586126,750000
3,2,1520,sqft,4000,sqft,586126,760000
3,2.5,1380,sqft,2250,sqft,586126,590000
15,6,11010,sqft,0.33,acre,586126,3700000
4,2,1750,sqft,4950,sqft,587119,1025000
3,2.5,3590,sqft,4250,sqft,587301,1725000
1,1,646,sqft,,,587119,332000
5,3,2040,sqft,6180,sqft,587301,605000
2,2,1560,sqft,6750,sqft,587311,980000
2,2.5,1088,sqft,5500,sqft,587311,835000
2,1,1460,sqft,5700,sqft,587311,400000
3,2,1380,sqft,2909,sqft,587121,800000
2,1,1000,sqft,4640,sqft,586113,793000
2,2,1128,sqft,6000,sqft,587301,625000
1,1,776,sqft,1.09,acre,587312,515000
3,2.5,2000,sqft,7440,sqft,587301,799000
3,2,2029,sqft,,,587121,685000
4,5.5,2867,sqft,4983,sqft,587315,1750000
4,3,1180,sqft,4650,sqft,587315,956300
3,2,1920,sqft,3154,sqft,587315,1067000
2,2,2220,sqft,5950,sqft,587311,551000
2,3,1300,sqft,915,sqft,587314,780000
1,1,596,sqft,,,587301,445000
3,2,1460,sqft,5005,sqft,587119,583000
3,2.5,2500,sqft,4305,sqft,587301,1685000
3,2.5,1540,sqft,1037,sqft,587311,852500
5,3,2550,sqft,6604,sqft,587301,940000
2,2,1018,sqft,,,587301,545000
3,2.5,1520,sqft,1062,sqft,587301,540700
1,1,640,sqft,0.35,acre,587119,345000
4,3,2190,sqft,5136,sqft,586126,860000
2,1,930,sqft,6000,sqft,587119,620000
5,2.5,2900,sqft,0.23,acre,587119,800000
4,3.5,2780,sqft,4000,sqft,587301,950000
3,1,2560,sqft,8927,sqft,587121,776000
1,1,613,sqft,,,587311,325000
3,2.5,1566,sqft,1602,sqft,587301,875000
2,2,1245,sqft,4.11,acre,587301,330000
3,2.5,1190,sqft,1290,sqft,587301,750000
5,2.5,2760,sqft,6350,sqft,587119,1025000
4,1.5,3260,sqft,5568,sqft,587119,1695000
4,3,2380,sqft,4635,sqft,587121,1399999
2,2.5,1884,sqft,0.27,acre,587119,925000
3,2.5,1712,sqft,1215,sqft,587301,910000
2,2,1196,sqft,780,sqft,587311,734999
3,2,1098,sqft,2320,sqft,587314,864950
3,3,1250,sqft,6350,sqft,587314,815000
1,1,880,sqft,4500,sqft,587314,700000
2,1.5,822,sqft,,,587315,400000
4,2,1595,sqft,5500,sqft,587119,525000
3,3,2380,sqft,5000,sqft,587119,1230000
3,2,3190,sqft,4380,sqft,587301,2700000
3,2.5,1465,sqft,2973,sqft,587315,1175000
4,2,2910,sqft,8360,sqft,587315,1400000
2,3,1140,sqft,650,sqft,587315,675000
1,1,500,sqft,4000,sqft,587301,385000
3,2,1580,sqft,6400,sqft,587119,942000
1,1,683,sqft,,,587311,601000
5,3,2430,sqft,7812,sqft,587301,915000
2,2,1128,sqft,,,587204,479950
2,2,2360,sqft,5800,sqft,587313,1460000
3,2.5,1396,sqft,4800,sqft,587113,780000
1,1,615,sqft,,,587313,485000
4,2,2340,sqft,7500,sqft,587313,925000
4,1.5,2140,sqft,6511,sqft,587313,700500
4,3,2980,sqft,4480,sqft,587122,1090000
3,1.5,1390,sqft,9350,sqft,587122,412000
2,1,720,sqft,4240,sqft,587312,525000
1,1,712,sqft,,,587313,325000
4,2.5,1850,sqft,2856,sqft,587121,945000
3,4.5,1710,sqft,1326,sqft,587122,725000
2,1,970,sqft,0.35,acre,587313,386000
3,2,1606,sqft,900,sqft,587313,1450000
3,2.5,1815,sqft,1500,sqft,587122,1295000
2,1,1120,sqft,1188,sqft,587122,700000
4,2,2220,sqft,9295,sqft,587312,995000
1,1,570,sqft,,,587113,345000
3,2,1460,sqft,4590,sqft,587122,888000
5,3,3820,sqft,7980,sqft,587313,1575000
3,3.5,2480,sqft,2400,sqft,587312,1795000
5,3,2777,sqft,7026,sqft,587312,1338600
2,2,1170,sqft,588,sqft,587312,624999
1,1,587,sqft,,,587113,260000
3,1,1430,sqft,2280,sqft,587313,980000
2,5.5,1320,sqft,1250,sqft,587121,679950
2,2,2170,sqft,5250,sqft,587312,893000
1,1,635,sqft,,,587121,495000
3,1.5,1630,sqft,6615,sqft,587313,895000
2,2,1900,sqft,2164,sqft,587313,1310000
3,2,1760,sqft,4000,sqft,587122,689000
3,2.5,1712,sqft,1514,sqft,587313,970000
4,2.5,3190,sqft,5500,sqft,587313,1820000
4,3.5,3590,sqft,4000,sqft,587313,2900000
1,1,630,sqft,4895,sqft,587113,255000
2,2,1150,sqft,,,587113,615000
5,2,1830,sqft,5220,sqft,587116,665000
2,1,760,sqft,3072,sqft,587312,250000
3,2.5,2600,sqft,5100,sqft,587313,1148000
3,2,2130,sqft,4850,sqft,587122,990200
3,3.5,2899,sqft,5346,sqft,587313,1800000
3,1,1090,sqft,0.31,acre,587312,400000
4,4,3360,sqft,5000,sqft,587316,1200000
4,2.5,2240,sqft,5229,sqft,587313,1050000
2,1,886,sqft,8863,sqft,587113,620000
3,2,1560,sqft,4960,sqft,587313,799000
4,2,1730,sqft,8100,sqft,587313,852000
3,2,1700,sqft,5346,sqft,587313,1150000
4,3.5,1909,sqft,1544,sqft,587122,1500000
3,2,2180,sqft,3740,sqft,587313,1012000
1,1,681,sqft,,,560004,470000
3,3,1460,sqft,7200,sqft,560034,1000000
1,1,704,sqft,,,560007,365000
2,1,1010,sqft,6750,sqft,560092,549950
2,2.5,1635,sqft,,,560024,1850000
2,1.5,1022,sqft,,,560047,655000
3,1,990,sqft,8100,sqft,560043,635000
2,2,1164,sqft,8280,sqft,560017,706474
1,1,583,sqft,0.29,acre,560001,349000
2,1.5,888,sqft,,,560025,700000
4,2,2740,sqft,6000,sqft,560049,1400000
3,2,1670,sqft,5400,sqft,560001,485000
3,1,830,sqft,7800,sqft,560064,660000
2,2,1200,sqft,1247,sqft,560092,705000
3,3.5,2530,sqft,1880,sqft,560025,1299000
4,3,2660,sqft,5100,sqft,560064,1360000
4,2,2820,sqft,4764,sqft,560001,1441000
2,1,1011,sqft,0.24,acre,560045,159488
2,1.5,1088,sqft,1518,sqft,560036,590000
6,3.5,3785,sqft,5150,sqft,560037,3150000
3,2,1540,sqft,1102,sqft,560001,630000
2,1.5,1180,sqft,0.25,acre,560024,575000
3,3.5,1968,sqft,1498,sqft,560001,980000
1,1,610,sqft,0.59,acre,560048,340000
2,2,1346,sqft,0.53,acre,560008,800000
2,2.5,1320,sqft,1030,sqft,560038,570000
3,3.5,3064,sqft,0.59,acre,560094,2450000
3,2,2980,sqft,5800,sqft,560064,1415000
4,3.5,3050,sqft,6146,sqft,560043,2250000
3,2,2020,sqft,7200,sqft,560005,917500
3,2.5,1926,sqft,1483,sqft,560066,1148000
2,1,1330,sqft,7425,sqft,560084,479000
3,2,2410,sqft,4950,sqft,560064,1083000
2,2.5,1580,sqft,5000,sqft,560092,699000
3,1,1030,sqft,4480,sqft,560016,710000
3,3,1630,sqft,6721,sqft,560037,615000
4,2.5,2370,sqft,3600,sqft,560001,750000
1,1,783,sqft,,,560084,530000
4,1,1310,sqft,6000,sqft,560001,735000
3,2,1996,sqft,4656,sqft,560033,986500
3,2,1580,sqft,6396,sqft,560033,820000
1,1,781,sqft,,,560049,481000
2,2,1517,sqft,,,560045,1350000
4,2,2360,sqft,6120,sqft,560017,950000
3,2,1496,sqft,1,acre,560001,824500
2,2.5,1250,sqft,1027,sqft,560032,725000
2,2,1810,sqft,,,560001,1350000
1,1,531,sqft,,,560066,489000
4,2.5,2380,sqft,5000,sqft,560045,1900000
2,2,1095,sqft,617,sqft,560016,599950
2,2,1080,sqft,1175,sqft,560037,533500
2,2,1146,sqft,800,sqft,560025,845000
4,2.5,1544,sqft,2352,sqft,560008,850000
1,1,707,sqft,0.26,acre,560049,590000
4,3,2067,sqft,1,acre,560006,1074900
4,3,2360,sqft,7200,sqft,560045,1360000
2,2,724,sqft,5400,sqft,560001,430000
2,2.5,1649,sqft,,,560064,765000
5,2.5,2180,sqft,4069,sqft,560064,1009975
3,2,1960,sqft,4400,sqft,560037,955000
1,1,727,sqft,5250,sqft,562106,445000
3,2,1209,sqft,752,sqft,562106,725000
1,1,650,sqft,,,562107,349000
5,3,3070,sqft,3400,sqft,562106,1450000
4,2.5,2130,sqft,6250,sqft,562107,960000
4,2.5,2220,sqft,3770,sqft,562125,1235000
4,3,2288,sqft,6550,sqft,562125,1105000
2,2,1370,sqft,,,562106,1050000
5,3,3120,sqft,7865,sqft,562106,795000
4,2.5,2180,sqft,6099,sqft,562106,1275000
3,2,1590,sqft,3000,sqft,562106,560000
3,1.5,2220,sqft,6270,sqft,562106,930000
1,1,813,sqft,,,562125,240000
1,1,574,sqft,1.17,acre,562106,280000
4,2,2480,sqft,5996,sqft,562107,825000
4,3,3320,sqft,5750,sqft,562107,750000
2,1,1720,sqft,5017,sqft,562106,575000
3,2,2050,sqft,5000,sqft,562125,1265000
4,3,2370,sqft,3880,sqft,562106,1830000
4,5,3660,sqft,0.29,acre,562106,2695000
3,3.5,1670,sqft,905,sqft,562106,1115000
2,3.5,990,sqft,0.86,acre,562107,405000
3,3,3120,sqft,5996,sqft,560093,1350000
3,2,2260,sqft,6000,sqft,560001,1300000
2,1,650,sqft,3780,sqft,560071,708888
3,3.5,1540,sqft,2322,sqft,560008,699950
3,3.5,1980,sqft,1659,sqft,560032,1055000
3,1,2160,sqft,5100,sqft,560016,920000
4,2.5,3080,sqft,0.3,acre,560063,1650000
2,3,1740,sqft,4148,sqft,560045,1395000
3,2,1900,sqft,4000,sqft,560003,1766000
9,5,3940,sqft,5303,sqft,560064,1089000
2,1.5,1366,sqft,,,560086,839000
4,1.5,1920,sqft,0.24,acre,560073,850000
1,1,715,sqft,,,560002,515000
3,2.5,1610,sqft,1690,sqft,560009,895000
6,4,2960,sqft,3796,sqft,560079,1050000
4,2,1810,sqft,5100,sqft,560086,945000
2,2,1125,sqft,,,560046,705000
2,2,1893,sqft,9.2,acre,562157,727000
3,2,1096,sqft,1,acre,560010,875000
3,4.5,3760,sqft,7000,sqft,560040,1570000
4,2.5,2720,sqft,8000,sqft,560097,1315000
2,2,1510,sqft,7200,sqft,560057,915000
2,2,1350,sqft,815,sqft,560005,1035000
4,3.5,2980,sqft,4800,sqft,560065,2400000
2,2,1443,sqft,,,560021,325000
2,2,1170,sqft,,,560022,428000
5,2,2260,sqft,3848,sqft,560013,865000
3,2,1990,sqft,8710,sqft,560013,730000
2,1.5,1555,sqft,0.96,acre,560051,677500
3,2,2350,sqft,4400,sqft,560104,1140000
2,1,1440,sqft,6090,sqft,560043,699950
1,1,627,sqft,1.06,acre,560010,429000
1,1,551,sqft,,,560006,410000
2,1,770,sqft,5896,sqft,560014,560000
3,2.5,1570,sqft,1342,sqft,560013,700000
1,1,699,sqft,,,560013,390000
3,3,2650,sqft,8612,sqft,560015,1600000
2,1.5,1070,sqft,1726,sqft,560079,850000
3,0.5,1941,sqft,3726,sqft,560009,892700
3,2.5,2030,sqft,3999,sqft,560020,1439000
2,1,1620,sqft,0.39,acre,560043,619000
2,2.5,1400,sqft,1112,sqft,560015,850000
3,2,2354,sqft,4400,sqft,560079,938000
2,3.5,1155,sqft,,,560096,219700
3,1,1340,sqft,7669,sqft,560077,785000
2,1,903,sqft,4.06,acre,560054,363500
3,1.5,1220,sqft,6350,sqft,560023,599000
2,1,1250,sqft,4500,sqft,560086,500000
2,2,1040,sqft,6800,sqft,560003,625000
2,1,1660,sqft,4800,sqft,560055,850000
1,1,744,sqft,,,560033,345000
2,1.5,805,sqft,5000,sqft,560054,500000
3,1,1060,sqft,4000,sqft,560055,1125000
5,3.5,3160,sqft,6200,sqft,560054,2300000
3,3,1120,sqft,4800,sqft,560025,525000
4,2.5,1881,sqft,1881,sqft,560072,870000
5,2.5,3460,sqft,7464,sqft,560073,2425000
1,1,376,sqft,0.23,acre,560096,1000000
2,2,880,sqft,0.23,acre,560021,680000
1,1,794,sqft,,,560003,660000
3,2,1340,sqft,2211,sqft,560058,925000
4,2.5,2560,sqft,6582,sqft,560058,1712000
4,2,2178,sqft,6800,sqft,560058,880000
2,1,1180,sqft,,,560094,870260
4,3.5,3220,sqft,6250,sqft,560010,2195000
3,3,2070,sqft,4227,sqft,560010,730000
3,2.5,2131,sqft,1036,sqft,560010,1520000
2,3,970,sqft,593,sqft,560064,769900
6,3.5,2430,sqft,5580,sqft,560021,870000
3,2.5,1395,sqft,1418,sqft,560080,725000
3,2.5,1810,sqft,6925,sqft,560092,922000
2,1,904,sqft,,,560012,520000
1,1,717,sqft,0.27,acre,560020,425000
5,3,2170,sqft,7500,sqft,560064,775000
4,3,3120,sqft,9750,sqft,560042,1670000
3,2,1870,sqft,4000,sqft,560021,849000
4,3.5,2285,sqft,1792,sqft,560084,1500000
3,2.5,2783,sqft,7206,sqft,560009,1640000
4,2,2540,sqft,4700,sqft,560003,1280000
2,2,1734,sqft,,,560052,725000
2,1,1010,sqft,0.34,acre,560003,870000
3,2.5,1420,sqft,1873,sqft,560097,890000
3,1,1410,sqft,7080,sqft,560040,475000
3,2,2320,sqft,4000,sqft,560040,880000
1,1,553,sqft,,,560091,335000
3,2,1719,sqft,1056,sqft,560003,1160000
4,2,2037,sqft,3326,sqft,560064,1247500
1,1,954,sqft,,,560022,555000
2,1.5,1370,sqft,938,sqft,560022,700000
2,1,1480,sqft,6734,sqft,560030,905000
5,4.5,3636,sqft,6180,sqft,560007,2840000
3,1.5,1780,sqft,4800,sqft,560050,650000
3,2,1094,sqft,2332,sqft,560026,649995
1,1,830,sqft,5100,sqft,560002,695000
2,2,834,sqft,,,560053,351000
2,1.5,1035,sqft,,,560085,656500
4,3,2790,sqft,0.35,acre,560050,965000
2,2,859,sqft,,,560002,499950
4,3.5,5690,sqft,7469,sqft,560002,3630000
2,1,772,sqft,,,560076,409000
3,1,1430,sqft,0.37,acre,560083,499800
3,2.5,1460,sqft,1850,sqft,560026,575000
3,2.5,1386,sqft,1065,sqft,560002,999950
5,3,2310,sqft,4011,sqft,560103,780000
2,1.5,1340,sqft,4342,sqft,560049,675000
2,4,1291,sqft,1361,sqft,560056,800500
3,2.5,2320,sqft,4400,sqft,560068,949000
3,2.5,2150,sqft,0.32,acre,560026,1360000
2,2,1885,sqft,,,560002,550000
3,2,1425,sqft,759,sqft,560018,750000
3,2.5,1810,sqft,1436,sqft,560018,1000000
2,1,1280,sqft,2690,sqft,560053,859000
3,3,1480,sqft,9127,sqft,560061,729000
3,3,2110,sqft,7324,sqft,560050,1270000
2,1,1027,sqft,,,560026,300000
1,1,808,sqft,,,560067,730000
3,2.5,1569,sqft,1553,sqft,560029,950000
3,3,2247,sqft,866,sqft,560062,1725000
3,1,1220,sqft,5000,sqft,560062,750000
2,1,1060,sqft,3250,sqft,560100,900000
4,2,1920,sqft,0.41,acre,560019,1210000
1,1,804,sqft,,,560019,425000
2,1,813,sqft,,,560085,452500
4,1.5,1740,sqft,9205,sqft,560026,649950
3,1.5,2230,sqft,3500,sqft,560026,1075000
4,2.5,2760,sqft,6001,sqft,560026,640000
3,3,1660,sqft,625,sqft,560087,795000
3,2.5,1360,sqft,916,sqft,560068,805000
4,4.5,5200,sqft,7653,sqft,560085,2600000
3,2.5,1573,sqft,1255,sqft,560030,1030000
1,1,700,sqft,,,560102,645000
4,3,1700,sqft,7320,sqft,560076,649000
4,3.5,2560,sqft,4080,sqft,560066,1325000
3,2,1330,sqft,1539,sqft,560038,680000
4,2,2180,sqft,5100,sqft,560085,838000
3,2,1350,sqft,1055,sqft,560078,785000
2,1.5,1720,sqft,1588,sqft,560041,725000
4,3.5,3060,sqft,0.96,acre,560070,3931000
2,2,954,sqft,0.33,acre,560011,380000
2,2.5,1460,sqft,1536,sqft,560078,599950
4,3,1540,sqft,3060,sqft,560067,1108000
1,1,709,sqft,,,560067,470000
3,1.5,2560,sqft,6150,sqft,560067,720000
1,1,534,sqft,,,560085,324000
2,2.5,1440,sqft,3000,sqft,560098,875000
1,1,627,sqft,,,560034,462750
3,2.5,1324,sqft,2217,sqft,560062,649950
2,2,1290,sqft,1192,sqft,560034,635000
1,1,748,sqft,0.26,acre,560034,499000
2,2.5,1830,sqft,,,560095,1730000
3,2,1660,sqft,6120,sqft,560036,795000
3,1,1964,sqft,9050,sqft,560078,625000
3,2,1460,sqft,1554,sqft,560074,759000
1,1,683,sqft,0.29,acre,560004,450500
4,2,2060,sqft,5080,sqft,560011,812500
4,2,1160,sqft,4224,sqft,560068,710000
3,2,1540,sqft,1124,sqft,560048,680000
1,1,529,sqft,,,560056,265000
2,1,1860,sqft,2526,sqft,560037,898000
1,1,648,sqft,,,560004,515000
5,4,4490,sqft,5220,sqft,560067,1150000
6,4,2310,sqft,5012,sqft,560076,849000
3,3.5,3130,sqft,0.28,acre,560076,2350000
2,1,2110,sqft,8160,sqft,560049,376000
3,1.5,1590,sqft,3797,sqft,560099,700000
3,2.5,1280,sqft,1845,sqft,560087,900000
2,1,840,sqft,8150,sqft,560067,495000
3,2,2020,sqft,8120,sqft,560019,950000
4,3,3610,sqft,8037,sqft,560002,2330000
4,3.5,2336,sqft,,,560039,1080000
2,1,1040,sqft,6103,sqft,560002,350000
1,1,620,sqft,,,560075,399000
1,1,728,sqft,,,560070,360000
3,2.5,1970,sqft,2109,sqft,560087,715000
4,3,2190,sqft,5350,sqft,560004,1490000
4,3,2120,sqft,7721,sqft,560098,920000
2,2,1415,sqft,6.4,acre,560059,449000
4,3.5,1835,sqft,1750,sqft,560067,1299950
2,4.5,1670,sqft,905,sqft,560027,1115000
3,3.5,2570,sqft,4094,sqft,560004,2000000
3,2,2060,sqft,3090,sqft,560027,700000
3,2.5,1740,sqft,1389,sqft,560002,1678000
5,3,2510,sqft,5130,sqft,560034,910000
2,2.5,1000,sqft,,,560050,660000
3,2,1516,sqft,5000,sqft,560061,1150000
3,1,940,sqft,4850,sqft,560029,500000
4,2,2440,sqft,4002,sqft,560041,1116000
5,4,2470,sqft,5000,sqft,560028,1005000
2,2,1288,sqft,5365,sqft,560056,755000
4,3.5,3240,sqft,4680,sqft,560087,1995000
2,2,693,sqft,,,560078,490000
3,2.5,1550,sqft,1391,sqft,560017,825000
4,2,2080,sqft,7740,sqft,560049,750000
4,3,1400,sqft,5000,sqft,560004,1000000
2,2.5,1159,sqft,5250,sqft,560018,885000
2,1.5,901,sqft,4800,sqft,560047,599000
4,3,2900,sqft,7500,sqft,560066,1175000
4,2.5,2052,sqft,0.38,acre,560027,865000
1,1,773,sqft,,,560070,685000
2,2,1040,sqft,,,560078,345000
2,2,2353,sqft,8750,sqft,560024,1160000
2,2,1212,sqft,,,562130,600000
5,2,2640,sqft,2950,sqft,560070,1000000
2,1,1090,sqft,4500,sqft,560069,580000
5,2.5,3960,sqft,7680,sqft,562149,1850000
4,1.5,3030,sqft,5400,sqft,562157,1500000
4,2.5,3080,sqft,9300,sqft,562149,650000
1,1,700,sqft,,,562157,405000
2,1.5,1276,sqft,0.54,acre,562157,885000
3,1,910,sqft,7242,sqft,562149,480000
5,3.5,4180,sqft,4080,sqft,562157,3000000
1,1,852,sqft,,,562157,430000
5,1.5,2830,sqft,4000,sqft,562130,766000
2,1,970,sqft,5130,sqft,562149,600000
3,2,1576,sqft,1238,sqft,562130,974999
1,1,667,sqft,,,562130,327500
3,2,1080,sqft,5750,sqft,560081,875000
2,5.5,2659,sqft,0.52,acre,560091,6250000
5,5,3623,sqft,8000,sqft,560089,1975000
4,3.5,2520,sqft,3821,sqft,560090,1765000
4,3.5,2720,sqft,3024,sqft,560073,1750000
2,2,968,sqft,656,sqft,560091,715000
2,2,839,sqft,,,560089,385000
2,3.5,2080,sqft,1412,sqft,560088,1495000
2,2,693,sqft,,,560089,480000
2,2.5,1365,sqft,4.05,acre,560091,525000
2,1,1580,sqft,0.52,acre,560073,500000
2,1,860,sqft,6678,sqft,560089,750000
2,2,1038,sqft,0.33,acre,560090,600000
4,3,2860,sqft,4182,sqft,560090,1600000
1,1,557,sqft,,,560062,370000
2,2,1644,sqft,,,560083,2250000
5,2,2340,sqft,5120,sqft,560068,613000
3,2.5,1810,sqft,1436,sqft,560076,1000000
2,1,2530,sqft,5000,sqft,560082,700000
3,3.5,1820,sqft,1099,sqft,560099,1125000
2,1,648,sqft,4997,sqft,560035,430000
2,2.5,1448,sqft,0.54,acre,560060,1325000
2,1,1660,sqft,0.28,acre,560083,535000
5,3,2970,sqft,5250,sqft,560099,1225000
5,4,3030,sqft,5200,sqft,560099,1250000
3,2,1400,sqft,8910,sqft,560082,530000
2,1.5,900,sqft,1,acre,560083,549755
3,2,2740,sqft,5000,sqft,560060,1278500
2,1,720,sqft,6693,sqft,560060,545000
4,2.5,1880,sqft,3300,sqft,560060,1050000
3,2.5,1681,sqft,3.97,acre,560060,650000
4,2,3325,sqft,6000,sqft,560083,1650000
5,3.5,4397,sqft,6800,sqft,560068,3400000
3,1.5,1540,sqft,6300,sqft,560082,689000
3,1,1530,sqft,0.31,acre,560060,435000
2,2,1015,sqft,2.02,acre,560062,468000
4,3,2340,sqft,5023,sqft,560082,780000
1,1,836,sqft,,,560062,605000
1,1,492,sqft,,,560082,205000
3,3,1880,sqft,2200,sqft,560082,999950
2,2,1570,sqft,3060,sqft,562130,849000
4,2.5,1806,sqft,5000,sqft,562110,745000
2,2,1595,sqft,,,562110,945000
2,2,1526,sqft,,,562110,893000
3,2.5,1346,sqft,1270,sqft,562110,899000
3,2,1600,sqft,8640,sqft,562110,877500
2,2,1170,sqft,0.42,acre,562110,655000
3,2.5,1660,sqft,1681,sqft,562135,690000
1,1,707,sqft,4.66,acre,562110,325000
3,2,1390,sqft,6656,sqft,562110,899950
3,2,2900,sqft,3800,sqft,562110,1305000
1,1,704,sqft,1,acre,562135,519950
3,4,2400,sqft,5563,sqft,562110,1460000
3,1,1120,sqft,4000,sqft,562110,985000
4,2,1710,sqft,3250,sqft,562110,1170000
3,2,1880,sqft,1751,sqft,562110,955000
3,3,1454,sqft,760,sqft,562135,890955
14,5,3884,sqft,4968,sqft,562135,1300000
3,1.5,2300,sqft,4100,sqft,562110,1125000
4,3,2520,sqft,3000,sqft,562110,1025000
4,3,3335,sqft,6000,sqft,562135,1325000
3,2.5,2118,sqft,2466,sqft,562110,837000
2,1,910,sqft,4800,sqft,562110,825000
4,1,2080,sqft,4845,sqft,562110,800000
2,1,2520,sqft,5000,sqft,562110,810000
3,2,1560,sqft,5056,sqft,562110,965000
2,1,1130,sqft,4388,sqft,561205,1180000
1,1,543,sqft,1.21,acre,561204,425000
1,1,620,sqft,6090,sqft,561204,524950
3,3,1720,sqft,8370,sqft,561203,865000
2,2,1015,sqft,2.02,acre,561204,500000
1,1,530,sqft,2500,sqft,561203,390800
4,2,1350,sqft,5300,sqft,561205,700000
3,2.5,1510,sqft,2656,sqft,561205,717500
1,1.5,1021,sqft,,,561203,1099900
3,1,1730,sqft,4200,sqft,561204,900000
2,2,3120,sqft,0.33,acre,561204,1050000
4,2.5,2172,sqft,3431,sqft,561204,975000
3,3.5,1410,sqft,1478,sqft,561204,740000
1,1,578,sqft,,,561203,379000
2,2,1350,sqft,4590,sqft,561205,960000
2,2,900,sqft,2041,sqft,561204,1650000
2,2.5,1865,sqft,,,561204,890000
2,2,1174,sqft,800,sqft,561204,779000
3,1.5,1250,sqft,0.27,acre,561204,552000
5,3,3590,sqft,6900,sqft,561204,1700000
3,2,1548,sqft,1139,sqft,561205,850000
4,3,3030,sqft,6960,sqft,561203,1119000
1,1,622,sqft,,,561203,387000
4,2,2245,sqft,7892,sqft,561203,775000
4,3.5,2627,sqft,5150,sqft,561203,1650000
4,2.5,3680,sqft,7000,sqft,561203,1880000
2,1,2170,sqft,6985,sqft,561204,950000
3,1,1600,sqft,3600,sqft,561203,1023000
2,2.5,2803,sqft,,,561203,2320000
3,1.5,2120,sqft,3880,sqft,561203,865000
3,2.5,1980,sqft,5000,sqft,561203,675000
3,2,1370,sqft,3060,sqft,561203,1270000
1,1,723,sqft,,,561203,315000
4,1.5,1300,sqft,4080,sqft,561203,975000
3,2,1060,sqft,5290,sqft,561203,599000
1,1,531,sqft,,,561203,396000
2,1,770,sqft,5772,sqft,561203,490000
4,3,2470,sqft,0.29,acre,561203,1180000
3,2.5,2260,sqft,4000,sqft,561203,1406000
2,1.5,1120,sqft,966,sqft,562122,605000
3,3.5,1936,sqft,1770,sqft,562129,1295000
2,2.5,1560,sqft,1263,sqft,562129,730000
2,2,1020,sqft,776,sqft,562129,605000
3,2,1100,sqft,2700,sqft,562122,645000
3,2,2120,sqft,6400,sqft,562114,1130000
2,2.5,1400,sqft,824,sqft,562114,1062500
2,2,1429,sqft,,,562114,855000
3,2.5,1320,sqft,1396,sqft,562122,835000
4,4.5,4790,sqft,5000,sqft,562114,1750000
3,1,1070,sqft,6535,sqft,562114,515000
2,2.5,1966,sqft,1412,sqft,562129,1495000
2,2,1146,sqft,1,acre,562114,675000
3,2.5,1047,sqft,680,sqft,562114,720000
2,1.5,1760,sqft,4000,sqft,562122,650000
2,2,1030,sqft,7200,sqft,562114,826500
3,2,1514,sqft,990,sqft,562114,915000
3,1.5,1520,sqft,7150,sqft,562114,720000
4,3.5,3360,sqft,6000,sqft,562122,1575000
3,2,1910,sqft,7500,sqft,562114,725000
2,2.5,1550,sqft,1131,sqft,562114,1051500
1,1,641,sqft,,,562114,349000
3,3,1190,sqft,850,sqft,562122,765000
4,2,2640,sqft,3840,sqft,562122,700000
2,1.5,938,sqft,,,562129,425000
3,3.5,2206,sqft,1500,sqft,562122,1116000
1,1,680,sqft,,,562129,355000
2,1,749,sqft,,,562122,489000
2,2,1353,sqft,,,562114,785000
1,1,250,sqft,250,acre,562119,159000
8,4,3136,sqft,8636,sqft,561101,1005000
2,2,1149,sqft,564,sqft,561201,730000
1,1,861,sqft,9600,sqft,562131,405000
4,2.5,2050,sqft,9555,sqft,562127,805000
2,2,1106,sqft,,,562131,700000
3,3.5,1930,sqft,6000,sqft,562127,600000
4,3,3090,sqft,0.34,acre,562131,210000
3,2,2437,sqft,6500,sqft,562131,1275000
2,2.5,1330,sqft,856,sqft,562131,699950
3,2,1680,sqft,6000,sqft,562127,910000
2,2,834,sqft,,,561101,552450
2,2,1112,sqft,1484,sqft,562131,675000
1,1,626,sqft,2.63,acre,561101,275000
2,1,1230,sqft,5000,sqft,562127,326000
4,2.5,2840,sqft,4480,sqft,562127,1200000
2,1.5,1115,sqft,745,sqft,562127,745000
4,2,2240,sqft,5043,sqft,561101,750000
3,3,1687,sqft,,,562127,946000
4,3,1900,sqft,2256,sqft,561101,1150000
3,3,1970,sqft,8540,sqft,562127,1395000
3,2.5,1512,sqft,1041,sqft,562127,760000
1,1,696,sqft,,,562131,449000
2,1.5,806,sqft,4001,sqft,561101,510000
2,2,1319,sqft,794,sqft,562127,838000
2,1,2300,sqft,8799,sqft,561101,525000
2,1.5,1127,sqft,5500,sqft,562131,1008000
4,2,2280,sqft,8000,sqft,562127,640000
2,2,1120,sqft,1168,sqft,562127,789500
4,3,1960,sqft,5200,sqft,562123,1270000
1,1,627,sqft,0.34,acre,562123,335000
2,2,1228,sqft,900,sqft,562123,900000
3,2,1800,sqft,3172,sqft,562111,1130000
1,1,883,sqft,,,562111,500000
4,1,1190,sqft,7320,sqft,562111,463900
5,5.5,5770,sqft,8226,sqft,562123,5000000
2,2.5,1710,sqft,962,sqft,562123,875000
2,2,968,sqft,656,sqft,562111,700000
2,1,790,sqft,5877,sqft,562111,532500
1,1,376,sqft,0.23,acre,562132,1000000
6,5.5,4510,sqft,0.28,acre,562123,2202718
3,2,1300,sqft,3914,sqft,562111,1100000
3,3.5,2106,sqft,1785,sqft,562123,1266000
3,2.5,1573,sqft,1243,sqft,562123,1099950
4,2,2870,sqft,2.27,acre,562123,703500
4,3.5,4006,sqft,5000,sqft,562111,2940000
2,1,1060,sqft,5666,sqft,562132,875000
1,1,562,sqft,,,562111,285000
3,2.5,1610,sqft,1426,sqft,562111,840000
2,3,1212,sqft,0.7,acre,562123,600000
4,2.5,2390,sqft,3570,sqft,562123,1350000
2,1,1080,sqft,6000,sqft,562123,950000
2,1,1350,sqft,6500,sqft,562123,850000
4,3.5,2795,sqft,6400,sqft,562123,1740000
2,2,1369,sqft,,,562123,720000
2,1,970,sqft,2714,sqft,562132,1075000
3,3.5,1820,sqft,1101,sqft,562111,1250000
3,2,1770,sqft,7242,sqft,562123,500000
6,4,3280,sqft,5650,sqft,562123,999950
3,1,1260,sqft,0.32,acre,562111,440000
4,2.5,1939,sqft,2499,sqft,562123,1025000
1,1,610,sqft,,,562132,679950
4,3,2200,sqft,5586,sqft,562132,874999
3,3.5,3036,sqft,,,562111,3250000
3,2.5,1861,sqft,,,562123,1395000
3,2,1650,sqft,5075,sqft,562130,750000
1,1,722,sqft,,,562130,299900
3,2,1260,sqft,2640,sqft,562123,615000
2,2.5,2714,sqft,,,562132,1735000
2,2,1020,sqft,776,sqft,562111,605000
3,3.5,1471,sqft,,,562123,799990
3,2.5,1500,sqft,1235,sqft,591106,1023500
2,1,1080,sqft,6000,sqft,591123,650000
4,2.5,1544,sqft,1562,sqft,591123,889000
2,2,1004,sqft,,,591123,320000
4,2,1470,sqft,4000,sqft,590016,460000
4,2,1680,sqft,2600,sqft,591123,930000
4,2,2420,sqft,3680,sqft,591102,948750
4,3.5,2011,sqft,2421,sqft,591103,1130000
2,2,896,sqft,,,591106,549250
2,2,1415,sqft,,,590018,445000
2,2.5,840,sqft,846,sqft,590014,629000
1,1,434,sqft,6600,sqft,590005,345000
4,2.5,2730,sqft,5724,sqft,591304,1175000
3,1.5,1350,sqft,2497,sqft,591248,599000
3,3.5,1740,sqft,2061,sqft,591303,840000
3,2.5,1940,sqft,2880,sqft,591212,1140000
4,1,1340,sqft,6000,sqft,591304,685000
2,2,1110,sqft,1650,sqft,591304,689000
3,2.5,1380,sqft,1550,sqft,591304,613000
3,2.5,1400,sqft,1001,sqft,591304,785000
3,2,2110,sqft,4000,sqft,591304,815000
1,1,557,sqft,0.88,acre,591304,399950
3,2,1830,sqft,5850,sqft,591304,835000
3,2,1480,sqft,5000,sqft,591304,780000
3,1.5,1550,sqft,8070,sqft,591304,835000
3,2,1670,sqft,8573,sqft,591304,620000
4,2.5,2890,sqft,3060,sqft,591223,1650000
3,3.5,1590,sqft,1781,sqft,591304,820000
1,1,630,sqft,0.4,acre,591304,439900
4,2,1440,sqft,4560,sqft,591230,760000
3,2.5,2529,sqft,3000,sqft,591232,1650000
3,3,1086,sqft,0.37,acre,591234,539950
3,2,1565,sqft,2500,sqft,591304,985000
2,2,916,sqft,,,591304,760000
3,7,2190,sqft,5504,sqft,591304,1868000
2,2,1400,sqft,3060,sqft,591304,530000
3,3.5,1352,sqft,1680,sqft,591240,886000
4,4,2030,sqft,5400,sqft,591315,1349000
3,2,1455,sqft,1,acre,591242,959822
5,4,3240,sqft,8820,sqft,591304,1825000
3,2,924,sqft,0.26,acre,591304,422000
2,2,1470,sqft,,,591265,825000
3,2,1758,sqft,1350,sqft,591304,1130000
3,2.5,1830,sqft,1175,sqft,591316,960000
2,1,1019,sqft,,,591248,640000
4,3,2970,sqft,4000,sqft,591212,1950000
3,3.5,1500,sqft,1182,sqft,591232,700000
3,2,2020,sqft,6000,sqft,591248,900000
3,3.5,2188,sqft,4920,sqft,591230,1700000
1,1,507,sqft,,,591248,460000
2,1.5,1131,sqft,1,acre,591212,699950
2,2,982,sqft,,,591265,705000
2,2,1889,sqft,9601,sqft,591212,2750000
2,1,1440,sqft,,,591248,699990
2,2,789,sqft,,,591230,475000
2,2,1131,sqft,6018,sqft,591316,575000
4,3,3300,sqft,7700,sqft,591265,1995000
4,2,2510,sqft,5460,sqft,591232,1025000
2,2.5,1580,sqft,0.31,acre,591232,1790000
1,2,966,sqft,,,591232,640000
1,1,703,sqft,0.51,acre,591240,350000
2,2,1220,sqft,755,sqft,591242,600000
9,5,3590,sqft,4680,sqft,591265,1100400
6,5.5,4299,sqft,6867,sqft,591265,3300000
1,1,900,sqft,,,591303,369950
3,2.5,1260,sqft,1252,sqft,591234,750000
2,2.5,1048,sqft,1048,sqft,591212,760000
4,1,1470,sqft,8520,sqft,591212,699999
1,1,1113,sqft,9830,sqft,591248,595000
2,2,1570,sqft,3250,sqft,591265,715000
3,2.5,2740,sqft,4800,sqft,591303,1375000
2,2.5,1470,sqft,780,sqft,591316,885000
4,2,1710,sqft,9660,sqft,591234,685000
3,2.5,1580,sqft,1372,sqft,591240,1095000
2,1,800,sqft,6946,sqft,591212,550000
3,1,980,sqft,3000,sqft,591242,500000
5,3.5,3700,sqft,7581,sqft,591232,2075000
4,2,2352,sqft,5000,sqft,591303,1450000
3,3,2320,sqft,9465,sqft,591316,675000
2,2,1503,sqft,6250,sqft,591240,729000
4,5.5,2410,sqft,9000,sqft,591240,1500000
2,1.5,950,sqft,1,acre,591234,1270000
3,1.5,1640,sqft,5196,sqft,591248,1060000
3,1.5,2440,sqft,4000,sqft,591240,1400000
1,1,594,sqft,0.39,acre,591265,405000
4,2,1480,sqft,6075,sqft,591232,665000
3,2.5,1220,sqft,1136,sqft,591240,618000
3,2,2740,sqft,8340,sqft,591315,1305000
3,3,2160,sqft,6710,sqft,591212,1300000
2,2,1400,sqft,802,sqft,591232,850000
3,2.5,2650,sqft,7548,sqft,591232,1112000
2,2,2735,sqft,0.3,acre,591230,871000
1,1,750,sqft,,,591303,420000
2,1,1201,sqft,5000,sqft,591212,605000
6,6,3488,sqft,2388,sqft,591316,1225000
4,2,1742,sqft,1.25,acre,591316,781000
4,2,2390,sqft,5535,sqft,591232,1195000
3,1,4018,sqft,5000,sqft,591248,517500
3,3.5,1530,sqft,3000,sqft,591230,1089000
1,1,600,sqft,,,591115,370000
5,3.5,3340,sqft,3600,sqft,591112,2500000
2,1,2060,sqft,6000,sqft,591102,525000
3,2.5,1650,sqft,2752,sqft,591102,675000
1,1,640,sqft,0.4,acre,591115,497000
2,2,1106,sqft,0.29,acre,591102,1470000
2,2,1200,sqft,8000,sqft,591102,519000
3,2.5,1390,sqft,1570,sqft,591102,575000
3,2,1759,sqft,1188,sqft,591102,890000
2,1.5,1690,sqft,5027,sqft,591115,779000
4,3.5,2191,sqft,4120,sqft,591104,1394600
3,2.5,1380,sqft,1022,sqft,591125,655000
2,2,877,sqft,2.63,acre,591104,415000
5,4,2754,sqft,3969,sqft,591104,956000
3,2,2770,sqft,7770,sqft,591109,700000
1,1,515,sqft,,,591153,309000
3,2,2029,sqft,9.2,acre,591115,685000
4,3,2560,sqft,9956,sqft,591147,890000
5,3.5,2966,sqft,1,acre,591102,1263500
3,2.5,1763,sqft,2498,sqft,591153,1135000
3,2.5,1550,sqft,7089,sqft,591104,1350000
2,1,830,sqft,6600,sqft,591121,645000
2,2,1019,sqft,,,591104,499000
1,1,696,sqft,,,591121,385000
5,3.5,5090,sqft,0.27,acre,591102,4325000
3,4.5,1460,sqft,1231,sqft,591102,700000
2,2,1036,sqft,656,sqft,591104,789950
1,1,854,sqft,,,591115,540000
3,3,1687,sqft,1,acre,591118,1035000
3,1.5,1430,sqft,8992,sqft,591153,438000
2,2,1960,sqft,7405,sqft,591112,580000
4,3.5,2720,sqft,7598,sqft,591153,1395000
1,1,706,sqft,0.46,acre,591102,520000
3,2,2600,sqft,4200,sqft,591153,1525000
3,2,1900,sqft,6093,sqft,591115,965000
2,1.5,1580,sqft,6120,sqft,591104,1300000
1,1,1270,sqft,5640,sqft,591104,915000
4,2.5,2320,sqft,9500,sqft,591115,1001000
3,1,910,sqft,0.35,acre,591115,650000
2,2,878,sqft,,,591115,675000
2,1,1915,sqft,5077,sqft,591115,725000
3,2,2462,sqft,3200,sqft,591102,1150000
4,3.5,2640,sqft,3062,sqft,591153,1750000
3,2.5,1670,sqft,1304,sqft,591118,875000
3,1,1090,sqft,7258,sqft,591121,630000
3,3.5,1621,sqft,987,sqft,591125,1085000
4,2,2591,sqft,6900,sqft,591112,800000
2,2,1400,sqft,,,591125,1295000
2,2.5,840,sqft,897,sqft,591147,612500
4,3.5,2910,sqft,3491,sqft,591104,2325000
2,1,1410,sqft,5000,sqft,591121,590000
2,1,770,sqft,4672,sqft,591121,560000
3,2,1900,sqft,6957,sqft,591102,1299000
3,2,2760,sqft,5195,sqft,591125,1256000
3,2,1290,sqft,2700,sqft,591102,925000
3,2,1111,sqft,,,591121,849000
2,2,850,sqft,6120,sqft,591115,889900
2,1.5,900,sqft,900,sqft,591104,568000
6,5,2667,sqft,4000,sqft,591125,900000
2,1.5,1320,sqft,6080,sqft,591115,810000
2,2,1370,sqft,,,591147,500000
2,1,1140,sqft,4920,sqft,591125,528000
3,1,1380,sqft,4080,sqft,591115,890000
3,2,1422,sqft,1405,sqft,591153,780000
2,2,1065,sqft,,,591104,430000
2,3,2943,sqft,3.06,acre,591115,1650000
3,2,1250,sqft,6000,sqft,591102,625000
3,2,2390,sqft,0.25,acre,591121,1150000
1,1,569,sqft,,,591118,400000
3,2,1680,sqft,5000,sqft,591102,1087500
1,1,683,sqft,,,591143,679000
1,1,627,sqft,,,590003,475000
2,2,840,sqft,1452,sqft,590010,645000
3,1.5,1880,sqft,6215,sqft,591108,749000
2,2,881,sqft,6000,sqft,590006,550000
2,1,850,sqft,4000,sqft,591109,778000
1,1,525,sqft,,,591109,375000
3,1.5,2170,sqft,3000,sqft,590016,1250000
2,1,1110,sqft,5413,sqft,591131,820000
4,3.5,3930,sqft,4000,sqft,590014,2925000
2,1,1047,sqft,,,591103,762500
1,1,653,sqft,,,591103,475000
3,1.5,1710,sqft,1250,sqft,590003,1000000
5,3,2120,sqft,1959,sqft,591124,750000
3,4,2360,sqft,5080,sqft,591128,1325000
4,4,2250,sqft,6600,sqft,591108,1070000
4,2,2320,sqft,6960,sqft,591108,1150000
4,3.5,3490,sqft,0.27,acre,590016,1480000
4,2.5,2500,sqft,4046,sqft,590001,1295000
2,1,792,sqft,,,590001,520000
2,2.5,1490,sqft,7547,sqft,590001,855000
3,2.5,1700,sqft,2125,sqft,590001,1475000
2,2,1261,sqft,978,sqft,590001,625000
4,2,2440,sqft,2168,sqft,590016,1060000
3,2.5,1420,sqft,2929,sqft,590001,750000
3,2,1380,sqft,815,sqft,590001,740000
3,2,1111,sqft,719,sqft,590001,849000
3,1.5,1920,sqft,6300,sqft,590003,865000
3,1.5,1220,sqft,2242,sqft,590001,660000
3,3,4010,sqft,8207,sqft,590005,3050000
2,2,1170,sqft,588,sqft,590016,644999
3,2.5,1600,sqft,695,sqft,590010,699900
1,1,760,sqft,,,590009,309000
2,1.5,1290,sqft,1748,sqft,590003,762500
2,1,980,sqft,3200,sqft,590003,800000
2,1.5,1022,sqft,,,590016,660000
2,1.5,1260,sqft,3858,sqft,590001,715000
5,2,2660,sqft,6400,sqft,591108,1125000
1,1,644,sqft,,,590006,350000
1,1,664,sqft,,,591109,305000
1,1,468,sqft,,,591156,275000
4,3,2680,sqft,6402,sqft,591108,2100000
4,2,1640,sqft,4400,sqft,591143,730000
3,2,2000,sqft,5632,sqft,590014,925000
2,2,1523,sqft,864,sqft,590005,639950
4,3,2430,sqft,9500,sqft,591109,520000
2,2,1199,sqft,1.06,acre,590006,375000
4,3,2160,sqft,6298,sqft,591109,980000
4,2.5,1354,sqft,,,591128,485000
1,1,738,sqft,,,590003,490000
2,2,1425,sqft,0.42,acre,591143,899000
6,7,4570,sqft,0.29,acre,591108,1950000
2,1.5,940,sqft,1740,sqft,590011,640000
3,3.5,1710,sqft,1728,sqft,591109,699000
3,2.5,1430,sqft,1102,sqft,591113,855000
3,3.5,1500,sqft,1274,sqft,591113,598800
3,1.5,1376,sqft,1169,sqft,590005,780000
4,3.5,4002,sqft,5000,sqft,591109,2100000
4,1,1600,sqft,0.27,acre,591143,652000
1,1,807,sqft,,,590010,380000
5,3,2055,sqft,4000,sqft,591113,1100000
1,1,647,sqft,7197,sqft,591128,377500
2,2,940,sqft,585,sqft,590016,579000
2,1.5,1150,sqft,1262,sqft,590014,590000
2,2.5,1459,sqft,887,sqft,590010,665000
4,2.5,1910,sqft,3000,sqft,590010,1625000
4,3,2297,sqft,7200,sqft,591103,783000
4,2.5,2320,sqft,5001,sqft,590016,820000
5,3.5,2387,sqft,5445,sqft,591143,1125000
5,3.5,3270,sqft,4080,sqft,590016,2000000
3,2.5,1530,sqft,1482,sqft,590014,899999
2,1,1150,sqft,6340,sqft,591128,845714
3,2,1237,sqft,4760,sqft,591131,747250
3,2.5,1760,sqft,1143,sqft,591143,850000
1,1,808,sqft,,,590014,560000
2,2,2720,sqft,4958,sqft,591108,720000
4,2,1345,sqft,2808,sqft,591108,962000
4,3,2600,sqft,6840,sqft,591103,1750000
3,2,2209,sqft,2734,sqft,591124,715000
2,2.5,950,sqft,1748,sqft,591103,695000
4,2.5,1530,sqft,3060,sqft,591103,675000
2,1,830,sqft,6180,sqft,590016,942000
3,2,1590,sqft,910,sqft,591124,910000
3,3,1524,sqft,513,sqft,591109,850000
4,3,1920,sqft,7455,sqft,590014,2095000
4,2,2660,sqft,5243,sqft,590014,1357000
3,2,2284,sqft,6395,sqft,590014,850000
3,2.5,1604,sqft,1040,sqft,591108,760000
4,4,2555,sqft,4000,sqft,590006,1500000
3,1.5,2460,sqft,0.35,acre,591124,1150000
3,2.5,2793,sqft,1734,sqft,590014,1732000
2,1.5,1540,sqft,4800,sqft,591124,751000
3,1,950,sqft,7320,sqft,591108,589000
3,1.5,1720,sqft,0.33,acre,590005,426000
2,2,1470,sqft,7443,sqft,590003,707000
5,2.5,3500,sqft,0.33,acre,590006,875000
2,1.5,984,sqft,,,590016,499999
3,2.5,1570,sqft,1362,sqft,591128,901000
1,1,700,sqft,,,591128,647201
2,2,1188,sqft,0.43,acre,591108,450000
3,2.5,2570,sqft,0.28,acre,591108,1175000
3,2.5,1631,sqft,1485,sqft,591215,1049950
3,2,1596,sqft,0.64,acre,591211,505000
2,2.5,820,sqft,1293,sqft,591213,525000
3,2.5,1610,sqft,1500,sqft,591241,875000
1,1,812,sqft,,,591226,480000
3,2,1425,sqft,729,sqft,591215,759999
2,2.5,1086,sqft,2068,sqft,591214,884950
2,2.5,1043,sqft,990,sqft,591222,690000
3,2,1440,sqft,4239,sqft,591215,1195000
1,1,590,sqft,1549,sqft,591241,435000
2,2,1152,sqft,,,591263,1325000
4,2,2040,sqft,4178,sqft,591216,1175000
3,2,2092,sqft,,,591213,2000000
3,1,1780,sqft,5000,sqft,591237,975000
3,2.5,3560,sqft,5000,sqft,591201,1575000
2,2.5,1475,sqft,3753,sqft,591201,945000
4,2.5,1890,sqft,3000,sqft,591201,668000
4,2,2790,sqft,6250,sqft,591222,930000
4,3.5,2600,sqft,3900,sqft,591247,2225000
3,2,1060,sqft,8910,sqft,591287,575000
3,1,2180,sqft,0.25,acre,591201,720000
2,2,1761,sqft,,,591214,665000
3,2,1379,sqft,3353,sqft,591238,729950
3,1.5,2550,sqft,4080,sqft,591219,958748
4,3.5,3815,sqft,3960,sqft,591237,2895000
4,2,2634,sqft,7475,sqft,591241,1500000
1,1,540,sqft,0.35,acre,591215,335000
3,3.5,3064,sqft,,,591226,2450000
2,1,860,sqft,4800,sqft,591247,565000
3,2.5,1690,sqft,7200,sqft,591215,807500
3,3.5,1800,sqft,1545,sqft,591242,750000
2,2,1071,sqft,,,591226,605000
2,1,807,sqft,,,591216,525000
3,2.5,1350,sqft,662,sqft,591237,899000
4,2,2900,sqft,4700,sqft,591213,1275000
3,3,1880,sqft,2200,sqft,591222,999950
1,1,677,sqft,0.68,acre,591247,270000
1,1,703,sqft,,,591244,498000
1,1,527,sqft,,,591214,399000
1,1,820,sqft,5100,sqft,591226,530000
3,2.5,1360,sqft,1248,sqft,591226,700000
4,3.5,2600,sqft,4000,sqft,591213,1950000
4,3.5,2852,sqft,3178,sqft,591228,1715000
3,3.5,1370,sqft,1125,sqft,591237,619000
3,1.5,2000,sqft,4800,sqft,591229,1400000
3,2,1096,sqft,,,591287,849950
3,3.5,3380,sqft,7531,sqft,591215,1599500
3,2.5,1616,sqft,,,591241,990000
3,3,1620,sqft,5760,sqft,591287,1058000
2,2,970,sqft,,,591211,634400
1,2,1009,sqft,,,591244,525000
3,2,2270,sqft,7920,sqft,591211,1550000
3,1,1200,sqft,9180,sqft,591215,500000
2,2,1225,sqft,960,sqft,591213,725000
2,2,1081,sqft,,,591216,620000
3,2,1380,sqft,8580,sqft,591229,775000
2,1,1200,sqft,6200,sqft,591226,1025100
2,2,1620,sqft,3090,sqft,591222,835000
3,2,2950,sqft,5350,sqft,591241,1500000
1,1,513,sqft,,,591247,315000
4,2,2100,sqft,3600,sqft,591238,1225000
3,2,1705,sqft,7680,sqft,591244,910000
4,4.5,3610,sqft,4500,sqft,591287,2800000
3,3.5,1800,sqft,1563,sqft,591214,1050000
3,1,2130,sqft,3710,sqft,591237,850000
2,2,1367,sqft,1.98,acre,591237,1350000
3,2.5,1730,sqft,2757,sqft,591237,800000
4,3.5,4194,sqft,5400,sqft,591237,3500000
9,9,3780,sqft,5020,sqft,591211,1210000
2,2,1778,sqft,,,591211,1900000
3,3,1410,sqft,826,sqft,591237,865000
2,2,1088,sqft,,,591238,475000
4,1,1340,sqft,3825,sqft,591237,875000
5,1,2380,sqft,4240,sqft,591239,539000
3,4.5,2140,sqft,3314,sqft,591228,1835000
3,2,2080,sqft,5650,sqft,591241,738000
2,1,1410,sqft,6180,sqft,591214,799000
1,1,571,sqft,0.58,acre,591237,331000
4,2.5,2340,sqft,9670,sqft,591214,870000
5,4.5,5210,sqft,6772,sqft,591214,3320000
1,1,733,sqft,,,591237,545000
2,1.5,1060,sqft,5137,sqft,591213,530000
2,2.5,996,sqft,2450,sqft,591211,799000
4,2,1850,sqft,3570,sqft,591229,1200000
1,1,690,sqft,4000,sqft,591237,560000
4,2,2260,sqft,3750,sqft,591222,1330000
4,3.5,3190,sqft,4305,sqft,591226,2130000
3,2.5,1846,sqft,0.24,acre,591222,1060000
3,2,1700,sqft,3220,sqft,591238,999999
4,2,2240,sqft,6240,sqft,591213,795000
4,2,1660,sqft,2280,sqft,591244,1127500
2,3,1780,sqft,2240,sqft,591241,720000
4,3.5,2270,sqft,2500,sqft,591101,710000
1,1,603,sqft,,,591101,432000
3,3.5,2024,sqft,1694,sqft,591306,1200000
2,2.5,1103,sqft,5500,sqft,591306,780000
3,1,1460,sqft,5856,sqft,591227,880000
6,7,4260,sqft,3600,sqft,591306,2300000
3,2.5,1660,sqft,2700,sqft,591307,816750
3,1.5,1350,sqft,1193,sqft,591344,750000
4,3,2949,sqft,5580,sqft,591233,1610000
3,2.5,1718,sqft,1268,sqft,591227,900000
2,1,1370,sqft,6084,sqft,591233,1000000
4,2.5,1822,sqft,1500,sqft,591312,1033000
2,1,800,sqft,560,sqft,591227,690000
1,1,718,sqft,,,591218,459000
2,2,909,sqft,,,591306,420000
2,1,903,sqft,4.06,acre,591307,312500
2,2,1297,sqft,,,591306,880000
3,2,2140,sqft,9290,sqft,591307,925000
4,5,2970,sqft,7961,sqft,591307,1450000
2,2,900,sqft,8000,sqft,591308,590000
2,2,2600,sqft,3600,sqft,591307,750000
2,1,1180,sqft,4386,sqft,591307,419000
1,1,564,sqft,100,acre,591307,602000
4,2,1700,sqft,8001,sqft,591227,891000
3,3,1524,sqft,513,sqft,591306,875000
3,3,1410,sqft,1316,sqft,591306,1200000
1,1,831,sqft,0.7,acre,591312,480000
5,3,3060,sqft,7006,sqft,591307,889000
2,2,1213,sqft,,,591312,422000
4,2,2352,sqft,4000,sqft,591227,1295000
1,1,534,sqft,,,591227,223000
2,1,724,sqft,,,591224,530000
4,3.5,2304,sqft,4503,sqft,591344,1550000
3,1,1450,sqft,7200,sqft,591227,1125000
2,1,980,sqft,0.32,acre,591224,475000
2,1.5,1550,sqft,7154,sqft,591312,1550000
1,1,704,sqft,500,sqft,591227,645000
1,1.5,1425,sqft,2.23,acre,591233,2200000
1,1,794,sqft,,,591344,516000
5,3.5,4060,sqft,3400,sqft,591312,2888000
2,2,979,sqft,0.32,acre,591233,470000
4,2,1830,sqft,6000,sqft,591344,950000
2,1,1260,sqft,7440,sqft,591344,626000
2,1,1027,sqft,1.83,acre,591231,300000
5,2,3210,sqft,7578,sqft,591306,688000
2,1,968,sqft,,,591136,399950
3,2,1049,sqft,,,591122,900000
2,1.5,1054,sqft,,,591307,709000
2,2,1586,sqft,,,591101,1460000
4,2,1760,sqft,4700,sqft,591344,999950
2,1,860,sqft,4000,sqft,591233,480000
4,2.5,1560,sqft,2400,sqft,591101,1110000
4,3,3110,sqft,5715,sqft,591233,1500000
3,2,1440,sqft,6120,sqft,591227,935000
3,2,1500,sqft,5750,sqft,591231,770000
3,1.5,2160,sqft,5080,sqft,591307,915000
4,5.5,3100,sqft,9450,sqft,591312,1375000
1,1,522,sqft,5000,sqft,591231,325000
3,2,1560,sqft,1170,sqft,591307,920000
3,3,3400,sqft,8000,sqft,591312,1150000
2,2,1761,sqft,9.2,acre,591312,665000
2,1.5,1076,sqft,1060,sqft,591224,549000
2,2,1217,sqft,1331,sqft,591307,787950
3,3.5,1450,sqft,1467,sqft,591231,670000
2,1,1000,sqft,4400,sqft,591306,750000
2,2.5,1124,sqft,1354,sqft,591312,799950
4,3.5,3070,sqft,5016,sqft,591224,1900000
1,1,480,sqft,560,sqft,591224,275000
3,2,1860,sqft,3400,sqft,591344,1165000
2,1,740,sqft,6300,sqft,591306,500000
3,2,1440,sqft,9065,sqft,591312,830000
1,1,758,sqft,,,591231,469000
3,1,1340,sqft,6223,sqft,591101,765000
3,3,1700,sqft,6882,sqft,591227,1275000
4,3.5,2950,sqft,5000,sqft,591233,1800000
1,1,616,sqft,,,591307,374000
3,2.5,4240,sqft,9487,sqft,591227,2725000
4,3.5,3495,sqft,4080,sqft,591224,2000000
3,3,2560,sqft,2500,sqft,591122,1300000
3,3,2040,sqft,4000,sqft,591227,1000000
3,1,890,sqft,5200,sqft,591307,575000
3,1.5,1730,sqft,5000,sqft,591136,870000
1,1,816,sqft,,,591136,560000
4,2,2400,sqft,8160,sqft,591306,900000
3,2.5,1270,sqft,924,sqft,591225,675000
4,3,1830,sqft,4000,sqft,591236,1352000
3,2.5,2470,sqft,4452,sqft,591236,800000
4,4,2300,sqft,5700,sqft,591313,1210000
4,2.5,1600,sqft,2336,sqft,591309,699000
1,1,510,sqft,,,591309,308000
2,2,1387,sqft,,,591225,649000
3,2.5,2230,sqft,7944,sqft,591221,555000
1,1,956,sqft,5480,sqft,591122,870000
3,3,1872,sqft,2475,sqft,591309,1050000
4,5,2030,sqft,5124,sqft,591305,700000
4,2,1980,sqft,2242,sqft,591309,785000
3,3,1180,sqft,1003,sqft,591309,729000
4,2.5,2630,sqft,4500,sqft,591243,1340000
4,2,2010,sqft,4275,sqft,591305,1100000
4,3.5,3487,sqft,9500,sqft,591236,2010000
4,2,2570,sqft,3440,sqft,591313,850000
2,2,1440,sqft,8100,sqft,591254,390000
2,2,1131,sqft,0.43,acre,591107,470000
2,1,1440,sqft,7531,sqft,591243,675000
3,3.5,2010,sqft,2208,sqft,591313,1111111
2,3,1073,sqft,2.71,acre,591243,429900
4,3.5,3300,sqft,6840,sqft,591313,1575000
4,2,3040,sqft,5272,sqft,591107,1665500
4,2.5,2500,sqft,8760,sqft,591221,577000
4,1,1810,sqft,5073,sqft,591107,655500
2,2,1878,sqft,,,591225,1171600
3,2,1411,sqft,0.35,acre,591309,699000
3,1,3960,sqft,0.25,acre,591309,722500
3,1,1000,sqft,9856,sqft,591309,750000
5,2,2300,sqft,3315,sqft,591305,1266000
2,2.5,890,sqft,,,591243,510000
5,3,2820,sqft,7707,sqft,591305,1550000
3,1,1620,sqft,3000,sqft,591340,600000
3,2,1470,sqft,1232,sqft,591225,875000
2,2.5,1088,sqft,0.77,acre,591122,475000
5,2,2160,sqft,7620,sqft,591306,795000
3,3.5,3105,sqft,2557,sqft,591236,2250000
2,2,1200,sqft,1247,sqft,591340,699950
2,2,1240,sqft,583,sqft,591225,710000
3,2.5,1550,sqft,1131,sqft,591254,1065000
7,4,2300,sqft,2920,sqft,591221,1095000
4,3,2466,sqft,6030,sqft,591309,1299000
2,2,1817,sqft,1156,sqft,591243,2100000
4,3,1500,sqft,3360,sqft,591225,1155000
4,2,2380,sqft,4500,sqft,591122,525000
2,2,1524,sqft,6250,sqft,591254,710000
3,2.5,1370,sqft,982,sqft,591243,699500
3,2,1449,sqft,939,sqft,591340,720000
2,2,1140,sqft,1045,sqft,591236,850000
3,2.5,1010,sqft,570,sqft,591107,615000
9,5,3014,sqft,7908,sqft,591122,835000
3,3.5,1450,sqft,1081,sqft,591313,580000
2,2,1248,sqft,912,sqft,591254,890955
4,2,2600,sqft,4224,sqft,591313,1098500
3,2,1328,sqft,839,sqft,591314,929950
1,1,614,sqft,0.37,acre,591313,369950
4,3,2481,sqft,8297,sqft,591313,999000
4,1,1420,sqft,5240,sqft,591313,445000
4,3,2040,sqft,5000,sqft,591313,1410000
3,3,1390,sqft,5000,sqft,591305,1095000
2,3,920,sqft,675,sqft,591225,690000
4,3.5,1835,sqft,1884,sqft,591309,1299950
4,2,1840,sqft,3760,sqft,591305,825000
3,2.5,3020,sqft,7500,sqft,591313,1450000
3,2,2520,sqft,4000,sqft,591309,1050000
4,5,2240,sqft,5624,sqft,591243,965000
3,3.5,1644,sqft,,,591243,820000
3,2.5,1880,sqft,1282,sqft,591221,725000
2,2,995,sqft,5000,sqft,591309,850000
1,1,568,sqft,,,591246,330000
2,3,1226,sqft,,,591221,589990
2,1,730,sqft,6200,sqft,591309,25000000
4,2,1500,sqft,4471,sqft,591237,947000
3,2,2080,sqft,6769,sqft,591302,800000
3,3,1425,sqft,1199,sqft,591131,819950
4,2.5,3840,sqft,1.2,acre,591302,2195000
4,3,2074,sqft,1999,sqft,591106,812500
5,3,3556,sqft,6120,sqft,591106,2250000
1,1,1100,sqft,747,sqft,591131,745000
2,1,730,sqft,5150,sqft,591112,545000
4,2,1170,sqft,9216,sqft,591131,390000
4,3,2240,sqft,8691,sqft,591301,625000
4,2,1750,sqft,6380,sqft,591112,855000
2,2,1695,sqft,,,591302,1150000
5,3,2480,sqft,5100,sqft,591301,1135000
4,2.5,1420,sqft,1800,sqft,591302,760000
2,1,990,sqft,3844,sqft,591120,474000
2,1,1520,sqft,4250,sqft,591120,820000
5,2,2100,sqft,6000,sqft,591120,599950
3,3,1740,sqft,5000,sqft,591131,1010000
2,2,1760,sqft,6150,sqft,591112,750000
2,2,1021,sqft,,,591302,981250
4,3.5,3018,sqft,3600,sqft,591112,1795000
2,1.5,1024,sqft,,,591302,495000
1,1,945,sqft,,,591106,385000
2,1,2380,sqft,6061,sqft,591301,640000
5,5,3810,sqft,0.32,acre,591120,1180000
2,2.5,1048,sqft,834,sqft,591302,899000
3,1.5,1610,sqft,4000,sqft,591120,1106000
1,1,701,sqft,,,591302,315000
4,2.5,2213,sqft,3367,sqft,591131,1075000
2,2,1071,sqft,,,591106,719000
2,1,850,sqft,3056,sqft,591302,813000
3,3,1280,sqft,2600,sqft,591301,900000
3,1,980,sqft,4200,sqft,591106,700000
4,3.5,3840,sqft,0.32,acre,591302,1250000
2,2,1006,sqft,3.32,acre,591106,650000
4,2,1450,sqft,1000,sqft,591301,1185000
4,2,2140,sqft,4947,sqft,591120,960000
4,3,2480,sqft,4000,sqft,591302,1605000
5,2,2420,sqft,4080,sqft,591302,960000
3,4.5,1760,sqft,1008,sqft,591302,1440000
2,2,1170,sqft,588,sqft,591302,624999
3,2,1730,sqft,8421,sqft,591131,910000
1,1,376,sqft,0.23,acre,590014,1000000
1,1,636,sqft,,,591302,450000
3,2,1940,sqft,4850,sqft,591302,895000
4,2.5,3400,sqft,6000,sqft,591112,2100000
3,2,1360,sqft,7680,sqft,591302,830000
2,2,875,sqft,901,sqft,591302,656500
6,2,2230,sqft,5300,sqft,591120,700000
5,2,4190,sqft,8500,sqft,591120,2300000
3,2.5,2220,sqft,3060,sqft,591120,1167500
2,1,830,sqft,1980,sqft,591301,450000
3,2.5,2090,sqft,5000,sqft,591317,820000
3,1,1210,sqft,6000,sqft,591220,795000
2,1,691,sqft,1,acre,591317,998000
3,2.5,1820,sqft,1,acre,591317,690000
4,2.5,3105,sqft,7875,sqft,591222,1040000
4,2,1680,sqft,7840,sqft,591217,517500
3,2,2495,sqft,4000,sqft,591317,1250000
5,3,2450,sqft,4980,sqft,591317,1270000
4,2,2787,sqft,6011,sqft,591217,1207000
5,3.5,3310,sqft,2943,sqft,591311,1637500
2,2,1699,sqft,,,591235,640000
5,4,3180,sqft,3400,sqft,591220,2100000
5,2.5,3350,sqft,8317,sqft,591220,1275000
2,2,1365,sqft,770,sqft,591235,799000
3,3,1660,sqft,7650,sqft,591317,1200000
3,1.5,1880,sqft,6194,sqft,591222,489000
1,1,580,sqft,4657,sqft,591235,395000
3,2,1270,sqft,0.26,acre,591222,590000
3,1,860,sqft,5400,sqft,591235,699000
1,1,580,sqft,,,591220,475000
3,3.5,1840,sqft,1312,sqft,591311,1025000
1,1,615,sqft,,,591220,315000
5,3,2140,sqft,7244,sqft,591311,850000
2,2,1437,sqft,1085,sqft,591311,969950
2,1.5,1390,sqft,746,sqft,591222,759950
2,1.5,870,sqft,938,sqft,591317,700000
5,4.5,2840,sqft,3200,sqft,591317,500000
3,2,2260,sqft,3880,sqft,591317,877000
2,2,886,sqft,1037,sqft,591235,660000
1,1,505,sqft,,,591317,325000
2,1,1048,sqft,0.66,acre,591213,760000
4,2,1800,sqft,7455,sqft,591317,1100000
2,2,1390,sqft,8509,sqft,591317,954500
3,2.5,2600,sqft,8023,sqft,591217,1475000
4,2,2640,sqft,8385,sqft,591222,780000
2,1.5,1020,sqft,1249,sqft,591235,765000
3,3,2630,sqft,3755,sqft,591311,1130000
4,3.5,2910,sqft,4000,sqft,591317,1865000
3,2,1580,sqft,5040,sqft,591317,1000000
2,1,885,sqft,3.54,acre,591317,389000
3,2,2100,sqft,5750,sqft,591220,1325000
4,2,2010,sqft,9612,sqft,591220,1250000
4,2,1480,sqft,6820,sqft,591213,830000
3,2,1560,sqft,2400,sqft,591235,1180000
1,1,889,sqft,,,591311,648888
1,1,664,sqft,,,591311,322000
2,2,804,sqft,5000,sqft,591235,465600
4,2,2080,sqft,3850,sqft,591217,975000
2,1,910,sqft,2000,sqft,591220,800000
3,2.5,1620,sqft,7500,sqft,591317,875100
3,3.5,1970,sqft,1125,sqft,591311,868500
3,2,1720,sqft,6720,sqft,591127,869000
4,2,1545,sqft,4963,sqft,591130,1253000
3,2.5,1710,sqft,4814,sqft,591130,1190000
1,2,1141,sqft,0.41,acre,591114,699950
2,3,1276,sqft,1187,sqft,591123,520000
2,1.5,1978,sqft,5000,sqft,591130,858000
2,1,1060,sqft,8908,sqft,591130,700000
5,3.5,3220,sqft,4640,sqft,591114,820000
4,2,1170,sqft,9594,sqft,591114,530000
3,2,1770,sqft,5100,sqft,591127,660000
2,2,1420,sqft,1232,sqft,591123,690000
4,2.5,2980,sqft,3618,sqft,591114,1445000
4,1.5,1630,sqft,7182,sqft,591130,734950
1,1,743,sqft,,,591114,522250
2,1,680,sqft,8795,sqft,591127,625000
2,1,900,sqft,6030,sqft,591123,409050
1,1,635,sqft,,,591114,380000
5,3.5,3400,sqft,4560,sqft,591127,3340000
3,2,1300,sqft,2250,sqft,591130,735000
2,2,1094,sqft,5250,sqft,591114,675000
3,2.5,1763,sqft,2498,sqft,591123,1125000
2,1,940,sqft,3300,sqft,591123,550000
3,2.5,1820,sqft,1595,sqft,591123,990000
1,1,650,sqft,,,591126,468000
2,2,1200,sqft,1247,sqft,591123,705000
3,2,1939,sqft,0.31,acre,591130,1070000
4,2,1780,sqft,5000,sqft,591123,1181500
3,2,2370,sqft,4400,sqft,591123,1180000
2,2.5,1411,sqft,1201,sqft,591123,830000
2,1,512,sqft,,,591123,312000
4,2.5,2360,sqft,5725,sqft,591130,1750000
3,2,2630,sqft,9702,sqft,591123,1290000
5,3,2700,sqft,5670,sqft,591127,1025000
1,1,605,sqft,,,591114,370000
2,1,767,sqft,,,591123,349950
2,1,1015,sqft,,,591127,650000
2,2,1245,sqft,,,591130,330000
1,1,513,sqft,0.66,acre,591114,315000
1,1,780,sqft,8960,sqft,591114,500000
4,3,2050,sqft,4362,sqft,591130,920000
2,2,1060,sqft,,,591123,650000
2,2,950,sqft,1308,sqft,591110,705000
3,1.5,1870,sqft,9975,sqft,591129,500000
3,2.5,1060,sqft,1124,sqft,591126,765000
3,2.5,1860,sqft,1063,sqft,591117,1025000
3,1.5,1420,sqft,6009,sqft,591126,980000
3,1,1390,sqft,3090,sqft,591111,850000
3,2,1096,sqft,1,acre,591117,874500
3,1,1100,sqft,4120,sqft,591126,468000
3,1,1010,sqft,7100,sqft,591117,475000
3,3.5,1730,sqft,,,591102,975000
2,1.5,1480,sqft,6000,sqft,591126,948800
3,2,1890,sqft,6808,sqft,591119,700000
4,2,2500,sqft,4414,sqft,591110,972500
4,3.5,2840,sqft,4000,sqft,591110,925000
3,2,1608,sqft,1568,sqft,591110,732000
2,2.5,1701,sqft,1827,sqft,591116,1354000
1,1,376,sqft,0.23,acre,591126,1000000
1,2,1250,sqft,5183,sqft,591119,160000
3,2.5,1790,sqft,1600,sqft,591126,1050000
4,2,1670,sqft,7260,sqft,591110,650000
3,2,1640,sqft,5100,sqft,591119,900000
4,4.5,3228,sqft,3600,sqft,591110,2050000
4,2,1720,sqft,4242,sqft,591126,705000
4,2,2060,sqft,8762,sqft,591126,575000
3,2,1840,sqft,3432,sqft,591126,865000
4,3.5,3180,sqft,3375,sqft,591126,2485000
3,3,1760,sqft,8160,sqft,591111,670000
2,1,1350,sqft,6600,sqft,591126,799950
2,2,1403,sqft,,,591111,480000
3,2,1740,sqft,3519,sqft,591117,1310000
3,2,1490,sqft,1050,sqft,591129,900000
3,3,2380,sqft,6172,sqft,591126,1385000
1,1,815,sqft,0.48,acre,591111,465000
4,3.5,2900,sqft,7470,sqft,591126,1337000
5,3,2370,sqft,5292,sqft,591129,800000
4,1,2470,sqft,0.31,acre,591129,770000
4,1,1740,sqft,6000,sqft,591117,925000
1,1,690,sqft,,,591111,290000
5,3.5,2610,sqft,3623,sqft,591117,915000
4,3.5,2015,sqft,1886,sqft,591119,1240000
5,3.5,3880,sqft,6000,sqft,591129,2975000
4,2,2280,sqft,0.25,acre,591119,625000
4,3,2570,sqft,4480,sqft,591121,1555000
5,2,2740,sqft,2850,sqft,591116,1175000
2,2,1469,sqft,1762,sqft,591119,900000
3,2.5,2860,sqft,4500,sqft,591129,1630000
2,2,1479,sqft,,,591119,640000
5,4.5,3370,sqft,5100,sqft,591126,1975000
3,1,1300,sqft,3520,sqft,591129,1000000
2,1,780,sqft,8184,sqft,591126,675000
5,6,6990,sqft,4703,sqft,591126,1880000
2,2.5,867,sqft,1753,sqft,591117,679000
2,2,1217,sqft,,,591129,787950
3,2.5,2120,sqft,5120,sqft,591126,1365000
2,2,1042,sqft,,,591129,639000
2,2,1163,sqft,583,sqft,591126,648800
3,3.5,1580,sqft,,,591119,760000
3,2,1740,sqft,8309,sqft,591117,1070000
4,3,1810,sqft,5850,sqft,591117,1118000
1,1,1186,sqft,,,591110,665000
3,1,1177,sqft,6150,sqft,591111,650000
2,1.5,770,sqft,850,sqft,591126,550000
4,2,1870,sqft,5280,sqft,591129,1040000
1,1,696,sqft,4.27,acre,591119,305000
3,2.5,1380,sqft,1464,sqft,583104,523750
2,1,1650,sqft,6650,sqft,583115,630000
3,2,1640,sqft,5145,sqft,583103,700000
3,3.5,1360,sqft,1248,sqft,583115,700000
3,1,970,sqft,8160,sqft,583116,625000
1,1,490,sqft,,,583102,250000
5,2,2180,sqft,8100,sqft,583117,950000
4,3.5,2970,sqft,3751,sqft,583117,2080000
4,2,2340,sqft,4560,sqft,583101,1800000
3,3,1420,sqft,6037,sqft,583104,950000
3,2.5,1520,sqft,2814,sqft,583101,818000
2,2,1242,sqft,742,sqft,583102,769950
4,3,3410,sqft,7389,sqft,583101,1850000
4,1,1150,sqft,5665,sqft,583101,575000
1,1,691,sqft,,,583103,321000
3,2,1170,sqft,979,sqft,583101,740000
3,2,1360,sqft,8100,sqft,583101,850000
2,2,1200,sqft,1948,sqft,583101,620000
4,2,2680,sqft,6035,sqft,583101,950000
2,1,670,sqft,6300,sqft,583103,510000
1,1,545,sqft,,,583103,350000
3,3.5,1240,sqft,1164,sqft,583101,690000
1,1,700,sqft,,,583101,300000
4,3,2940,sqft,4000,sqft,583152,1250000
2,2,1187,sqft,1093,sqft,583102,750000
4,2,1488,sqft,3920,sqft,583117,750000
3,1,970,sqft,0.28,acre,583117,515000
3,2.5,1681,sqft,3.97,acre,583103,610000
2,2,1144,sqft,4850,sqft,583138,769950
4,3.5,2860,sqft,5880,sqft,583116,1657500
1,1,773,sqft,,,583113,425000
3,2.5,3100,sqft,4120,sqft,583111,2610000
4,3.5,2400,sqft,3060,sqft,583115,1750000
3,2.5,2920,sqft,9918,sqft,583116,985000
2,1,876,sqft,,,583116,550000
5,3,3450,sqft,3920,sqft,583117,1981000
3,2.5,1330,sqft,936,sqft,583113,819999
4,3.5,2440,sqft,7200,sqft,583117,1185000
3,3.5,1580,sqft,1312,sqft,583116,950000
3,2,2299,sqft,6022,sqft,583117,1435000
1,1,594,sqft,,,583103,360000
1,1,475,sqft,,,583113,385000
5,3,2360,sqft,2833,sqft,583117,1240000
4,3,1780,sqft,5005,sqft,583138,1184000
3,2,2250,sqft,8030,sqft,583102,2080000
2,2,1073,sqft,,,583103,429900
5,3,1900,sqft,8160,sqft,583115,895000
5,2.5,3090,sqft,6161,sqft,583102,1600000
5,6.5,6240,sqft,6750,sqft,583113,3122000
1,1,573,sqft,,,583103,310000
2,1,770,sqft,5569,sqft,583117,640000
1,1,820,sqft,0.31,acre,583115,590000
3,2,1622,sqft,1521,sqft,583111,692950
2,1,1210,sqft,2000,sqft,583111,725000
3,1.5,1240,sqft,5000,sqft,583102,850000
3,3,2080,sqft,2486,sqft,583103,762000
2,2,875,sqft,898,sqft,583113,625000
1,1,597,sqft,,,583102,360000
2,2,1370,sqft,,,583138,280000
4,2,2425,sqft,5500,sqft,583117,1295000
4,2.5,1760,sqft,2670,sqft,583102,925000
2,2.5,994,sqft,1388,sqft,583102,670000
1,1,515,sqft,1.31,acre,583103,387000
3,3.5,1660,sqft,1228,sqft,583113,765000
4,2,1730,sqft,7723,sqft,583115,875000
5,3,1790,sqft,0.23,acre,583116,964000
1,1,715,sqft,,,583113,500000
2,2,1470,sqft,1094,sqft,583102,718000
3,2,2440,sqft,2700,sqft,583117,1000000
4,2,2880,sqft,5000,sqft,583115,1485000
3,2,1678,sqft,1191,sqft,583117,1160000
3,2,1400,sqft,1281,sqft,583116,780000
6,4.5,5200,sqft,0.25,acre,583113,3050000
1,1,806,sqft,,,583113,525000
4,3,2311,sqft,6048,sqft,583138,1211000
3,1.5,1060,sqft,6765,sqft,583102,535000
2,1,1150,sqft,7425,sqft,583115,575000
5,3,2580,sqft,4462,sqft,583102,1500000
4,3.5,3240,sqft,5600,sqft,583103,2675000
5,3.5,3710,sqft,5259,sqft,583104,2525000
4,3.5,1632,sqft,0.3,acre,583102,825000
6,7,4641,sqft,5000,sqft,583103,1850000
3,3.5,1846,sqft,2250,sqft,583115,1170000
2,2,1353,sqft,,,583138,770000
3,2,1240,sqft,5400,sqft,583117,705000
2,1,1760,sqft,4264,sqft,583103,550000
2,3,1290,sqft,,,583113,845000
1,1.5,1285,sqft,0.96,acre,583102,1250000
4,2.5,3707,sqft,8100,sqft,583103,2100000
3,2,1120,sqft,5518,sqft,583103,600000
6,5,3300,sqft,6800,sqft,583116,3598950
3,2,2160,sqft,4590,sqft,583115,825000
2,1,1440,sqft,7080,sqft,583115,488000
5,2,2567,sqft,4995,sqft,583138,1550000
3,2,1960,sqft,3300,sqft,583138,865000
3,3.5,1657,sqft,,,583115,847198
5,3,2610,sqft,2550,sqft,583115,1795000
2,2,1213,sqft,,,583102,800000
1,1,777,sqft,4.06,acre,583212,244950
3,3.5,1590,sqft,1314,sqft,583222,899000
2,2,1893,sqft,,,583224,727000
3,1.5,1570,sqft,3880,sqft,583212,975000
4,3,2440,sqft,8556,sqft,583220,1850000
4,4,3463,sqft,4304,sqft,583220,2050000
2,4.5,1840,sqft,1500,sqft,583224,1049000
2,2,1554,sqft,9.2,acre,583212,660000
1,1,567,sqft,,,583212,451000
1,1,665,sqft,,,583212,479425
2,1,950,sqft,4300,sqft,583214,337000
2,2,1371,sqft,5480,sqft,583224,1295000
3,2,2040,sqft,4000,sqft,583212,695000
4,2.5,2780,sqft,8967,sqft,583224,1530000
5,3.5,3410,sqft,5000,sqft,583224,1725000
2,1.5,2280,sqft,4000,sqft,583212,650000
3,2,2100,sqft,7800,sqft,583212,510000
2,2,1101,sqft,1608,sqft,583224,780000
4,3.5,1964,sqft,,,583214,1180000
3,1.5,1030,sqft,6086,sqft,583214,739000
2,2,1042,sqft,1615,sqft,583214,630000
3,3.5,1740,sqft,5000,sqft,583214,1020000
1,2,1302,sqft,,,583212,740000
2,2,905,sqft,,,583224,670000
1,1,460,sqft,8094,sqft,583212,1250000
3,2,1540,sqft,993,sqft,583212,900000
1,1,656,sqft,,,583224,470000
5,2,2800,sqft,6250,sqft,583212,1200000
3,3.5,2480,sqft,5118,sqft,583212,1500000
5,3,2170,sqft,6650,sqft,583224,740000
5,4,2447,sqft,3100,sqft,583212,1500000
3,2,2164,sqft,4000,sqft,583212,800000
2,1,740,sqft,7500,sqft,583212,553500
3,2.5,2080,sqft,5160,sqft,583211,1200000
2,1,1800,sqft,2613,sqft,583201,25000000
2,2,1180,sqft,792,sqft,583132,527000
3,2,2020,sqft,5525,sqft,583132,1625000
3,3.5,1150,sqft,1199,sqft,583223,625000
3,2,1220,sqft,1,acre,583129,824900
2,1,810,sqft,6400,sqft,583211,435000
1,1,696,sqft,0.41,acre,583222,400000
3,3.5,2030,sqft,2500,sqft,583222,1200000
5,3.5,3930,sqft,7650,sqft,583129,1800000
5,2,2920,sqft,7800,sqft,583129,1359000
4,2,1460,sqft,5000,sqft,583223,787500
4,1.5,2770,sqft,3038,sqft,583222,850000
2,2,1523,sqft,,,583223,1425000
3,3.5,1690,sqft,1444,sqft,583222,965000
3,1,1170,sqft,8100,sqft,583222,825000
4,2,2370,sqft,8775,sqft,583129,1125000
1,1,712,sqft,,,583215,620000
2,1,976,sqft,2064,sqft,583239,475000
2,2,1042,sqft,,,583201,610000
2,2,1040,sqft,0.29,acre,583201,685000
1,1,722,sqft,,,583201,452100
2,2,1367,sqft,,,583203,1350000
1,1,733,sqft,,,583201,490000
2,1,970,sqft,,,583201,480000
3,2,1711,sqft,1171,sqft,583132,675500
2,1,860,sqft,8280,sqft,583276,675000
1,1,712,sqft,,,583239,385000
1,1,704,sqft,1,acre,583223,569000
3,2.5,1790,sqft,5761,sqft,583221,590000
3,2,2140,sqft,7200,sqft,583132,918000
4,3,2040,sqft,6348,sqft,583132,940000
3,2,1894,sqft,2340,sqft,583132,697000
4,2.5,2750,sqft,5589,sqft,583132,1680000
4,3.5,2900,sqft,5040,sqft,583223,1600000
2,1,670,sqft,4500,sqft,583239,490000
4,2.5,2190,sqft,4590,sqft,583239,1075000
4,1.5,1810,sqft,9998,sqft,583222,764000
3,3,1440,sqft,5300,sqft,583129,1050000
3,2,2170,sqft,7920,sqft,583132,560000
2,2,993,sqft,0.24,acre,583211,709600
3,3.5,1450,sqft,1020,sqft,583222,835000
4,3.5,2336,sqft,2392,sqft,583223,975000
4,3,2320,sqft,4640,sqft,583132,1472500
3,2,1470,sqft,2226,sqft,583132,600000
1,1,672,sqft,,,583129,485000
3,1.5,990,sqft,4500,sqft,583129,775000
4,3,2110,sqft,7680,sqft,583225,1180000
3,1,1670,sqft,5500,sqft,583222,731000
3,2,2060,sqft,5280,sqft,583221,756110
3,1,1920,sqft,7550,sqft,583222,456000
3,2.5,2910,sqft,5200,sqft,583222,1975000
2,1.5,912,sqft,1,acre,583220,819980
1,1,645,sqft,,,583220,305000
2,2.5,1160,sqft,1332,sqft,583216,850000
3,1,2280,sqft,6900,sqft,583217,1005000
3,2.5,1515,sqft,1563,sqft,583217,905000
3,2.5,2600,sqft,9100,sqft,583219,875000
3,2,1000,sqft,1916,sqft,583219,710000
2,1,672,sqft,0.28,acre,583216,373000
2,2,1320,sqft,,,583214,860000
3,2,2190,sqft,5000,sqft,583217,840000
1,2,1517,sqft,0.32,acre,583216,1350000
4,2,2160,sqft,4000,sqft,583216,1400000
4,1,2290,sqft,2703,sqft,583216,905000
3,1,1920,sqft,9399,sqft,583214,725000
3,3,1540,sqft,1044,sqft,583219,800000
2,2,983,sqft,,,583217,542500
2,1.5,1670,sqft,5500,sqft,583219,1025000
2,2,880,sqft,,,583219,614500
2,2,1526,sqft,,,583217,825000
1,1,569,sqft,,,583214,435000
4,3,2700,sqft,8360,sqft,583216,1100000
2,2.5,2282,sqft,2.75,acre,583216,475000
7,3.5,4530,sqft,5047,sqft,583220,2950000
1,1,698,sqft,,,583217,399999
3,2,1590,sqft,2500,sqft,583216,880000
2,1,770,sqft,,,583216,460000
3,2,2840,sqft,5196,sqft,583220,1400000
6,3,2350,sqft,8800,sqft,583216,850000
1,1,630,sqft,0.35,acre,583220,335000
1,1,482,sqft,,,583219,220000
4,3.5,4350,sqft,7000,sqft,583220,2000000
1,3,1730,sqft,5500,sqft,583217,750000
1,1,761,sqft,,,583219,400000
3,2,1684,sqft,1395,sqft,583219,870000
3,2.5,2040,sqft,3298,sqft,583219,1200000
2,2,1057,sqft,0.28,acre,583219,599900
3,2,2256,sqft,3500,sqft,583214,1370000
4,2,1900,sqft,5350,sqft,583216,670000
2,1,760,sqft,8686,sqft,583219,775000
2,1,780,sqft,6860,sqft,583219,395000
4,3,3020,sqft,3254,sqft,583219,1499000
1,2.5,2220,sqft,2519,sqft,583219,1200000
2,2,877,sqft,,,583219,415000
4,2,1530,sqft,8782,sqft,583135,645000
2,1,850,sqft,6000,sqft,583218,580000
3,2.5,1860,sqft,7992,sqft,583135,1050000
2,2,980,sqft,3000,sqft,583135,849950
3,2,1470,sqft,1348,sqft,583134,933500
2,1,980,sqft,2226,sqft,583130,598000
2,2,1003,sqft,,,583135,875000
3,1,996,sqft,2588,sqft,583126,560000
1,1,980,sqft,3700,sqft,583130,485000
4,1.5,2380,sqft,5500,sqft,583218,937000
2,2,2470,sqft,4800,sqft,583130,1525000
4,4,2120,sqft,6000,sqft,583134,900000
2,2.5,840,sqft,2891,sqft,583126,720000
4,5,1910,sqft,6750,sqft,583126,800000
2,1,1380,sqft,6613,sqft,583135,640000
4,5,2390,sqft,6156,sqft,583134,1500000
4,3,2840,sqft,4550,sqft,583130,1399990
2,1,875,sqft,,,583134,355000
3,2.5,1813,sqft,,,583135,1275000
3,3.5,2996,sqft,5219,sqft,583130,2050000
5,3.5,5020,sqft,5880,sqft,583126,1550000
3,2,1498,sqft,1238,sqft,583134,935000
2,1,711,sqft,5011,sqft,583135,485000
4,3,2740,sqft,5616,sqft,583126,1220000
3,2,1328,sqft,859,sqft,583136,920000
2,2,1332,sqft,1101,sqft,583134,845000
3,2,2020,sqft,6397,sqft,583135,840000
1,1,916,sqft,,,583218,652500
2,2,1546,sqft,1368,sqft,583218,669000
4,3,2970,sqft,7350,sqft,583218,720000
3,3.5,1615,sqft,1,acre,583218,796000
2,2,1170,sqft,588,sqft,583130,625000
3,2,1350,sqft,1056,sqft,583126,722500
2,2,1143,sqft,672,sqft,583134,689900
3,2.5,1220,sqft,1095,sqft,583218,900000
4,1.5,2100,sqft,6532,sqft,583134,875000
4,1.5,3200,sqft,5508,sqft,583126,1290000
1,2,1137,sqft,,,583134,930000
3,2,2930,sqft,0.7,acre,583134,775000
2,1,808,sqft,,,583130,422500
4,4,2550,sqft,5300,sqft,583126,1550000
2,2,789,sqft,0.27,acre,583135,475000
3,3,2546,sqft,3600,sqft,583136,1810000
2,1,680,sqft,8382,sqft,583218,565000
2,1.5,1000,sqft,1000,sqft,583218,640000
3,2,1676,sqft,4828,sqft,583218,840000
2,1,985,sqft,,,583134,790000
1,1,750,sqft,5750,sqft,583134,725000
1,1,843,sqft,,,583134,370000
4,2,3220,sqft,7800,sqft,583135,2000000
2,2,2340,sqft,6802,sqft,583135,1398000
1,1,543,sqft,,,583126,390000
5,3,4040,sqft,4320,sqft,583135,1650000
2,1,990,sqft,4800,sqft,583218,455000
4,4,2850,sqft,4900,sqft,583126,1755000
4,2.5,1620,sqft,6120,sqft,583130,849950
1,1,514,sqft,,,583126,345000
2,1,1240,sqft,4317,sqft,583136,656500
3,2.5,1620,sqft,1377,sqft,583126,935000
3,3,1608,sqft,2039,sqft,583135,625000
4,1,1530,sqft,6250,sqft,583136,740000
4,2,2270,sqft,3600,sqft,583136,1335000
1,1,908,sqft,,,583136,475000
2,1,1180,sqft,1560,sqft,583218,677000
1,1,672,sqft,0.54,acre,583130,464000
3,1.5,998,sqft,904,sqft,583134,610000
4,2,2220,sqft,5775,sqft,583135,740000
1,1,700,sqft,0.41,acre,583126,405000
7,6,7636,sqft,8625,sqft,583130,2225000
4,5.5,3530,sqft,0.44,acre,583126,1550000
3,2,1620,sqft,3840,sqft,583130,675000
4,3,1620,sqft,3380,sqft,583218,950000
2,2,1138,sqft,,,583134,515000
1,1,669,sqft,,,583130,385000
4,3.5,2600,sqft,4101,sqft,583136,1060000
3,2,1960,sqft,6138,sqft,583135,900000
2,2,950,sqft,0.68,acre,583128,395000
2,2,1410,sqft,0.25,acre,583124,880000
2,1.5,1022,sqft,1,acre,583119,729000
4,2,2840,sqft,5750,sqft,583128,1175000
1,1,712,sqft,,,583128,500000
5,2,1920,sqft,4173,sqft,583128,739000
3,3.5,3880,sqft,0.29,acre,583118,2500000
3,2,1010,sqft,6300,sqft,583112,650000
6,4,3300,sqft,3810,sqft,583119,1237500
3,1,1070,sqft,6567,sqft,583112,580000
3,1,1270,sqft,7140,sqft,583124,1050000
3,2,1413,sqft,1,acre,583128,1099970
3,2.5,1820,sqft,3090,sqft,583128,1030000
2,2,1415,sqft,,,583119,469000
3,3,2212,sqft,,,583123,1470000
3,3.5,3290,sqft,7338,sqft,583119,1400000
2,2,1391,sqft,1049,sqft,583128,672500
2,2,1372,sqft,900,sqft,583112,649950
2,1.5,960,sqft,8057,sqft,583123,515000
3,2.5,1890,sqft,1097,sqft,583119,699000
4,3,2230,sqft,6700,sqft,583129,1150000
1,1.5,952,sqft,,,583124,750000
2,1,925,sqft,,,583129,535000
4,2,1820,sqft,5600,sqft,583119,760000
8,4.5,3600,sqft,4360,sqft,583119,1500000
2,2.5,1305,sqft,2044,sqft,583128,770000
3,2,1840,sqft,3880,sqft,583128,959630
1,1,782,sqft,,,583112,519990
2,2.5,1040,sqft,990,sqft,583119,705000
2,2,1050,sqft,,,583112,480000
2,2,1019,sqft,,,583123,813000
4,2.5,3198,sqft,5000,sqft,583119,1712000
1,1,557,sqft,,,583123,222000
2,2.5,950,sqft,1500,sqft,583128,675000
3,1,1050,sqft,4080,sqft,583123,835000
1,1,533,sqft,,,583275,300000
3,1,860,sqft,8054,sqft,583112,425000
4,3,1890,sqft,1097,sqft,583124,699000
2,2.5,1138,sqft,3.97,acre,583114,515000
4,2,1830,sqft,9920,sqft,583121,535000
2,1,1980,sqft,2295,sqft,583122,699950
3,5.5,1730,sqft,1766,sqft,583121,850000
3,3,2462,sqft,2272,sqft,583122,915000
3,3.5,1300,sqft,1994,sqft,583121,583000
4,2,1550,sqft,6000,sqft,583114,1325000
3,3.5,1679,sqft,1,acre,583114,689000
3,1,1220,sqft,5850,sqft,583114,680000
3,1.5,1540,sqft,8505,sqft,583120,535000
3,2,1520,sqft,2185,sqft,583120,916500
3,1,1320,sqft,6250,sqft,583120,529000
2,1,1290,sqft,1875,sqft,583121,640000
3,2.5,1870,sqft,837,sqft,583114,890000
3,3.5,1762,sqft,1494,sqft,583120,1000000
3,1,1240,sqft,4842,sqft,583122,531000
3,1.5,1307,sqft,1362,sqft,583120,650000
2,2,1167,sqft,,,583122,650000
2,1.5,1070,sqft,1569,sqft,583114,849950
2,1,1820,sqft,7500,sqft,583120,1037300
3,2,1790,sqft,4080,sqft,583122,900000
5,3.5,3700,sqft,5520,sqft,583122,2050000
4,3.5,3340,sqft,6300,sqft,583114,2100000
4,2.5,2250,sqft,7650,sqft,583121,924900
3,2,1799,sqft,1471,sqft,583121,940000
1,1,584,sqft,,,583120,411000
5,2.5,4639,sqft,8036,sqft,583121,3350000
3,1,1810,sqft,0.24,acre,583120,512000
1,1,907,sqft,,,583114,585000
3,2,2120,sqft,6009,sqft,583121,1345000
1,1,616,sqft,0.35,acre,583121,399900
6,6,1780,sqft,7900,sqft,583120,733500
4,2,2630,sqft,8750,sqft,583120,1350000
5,3,3060,sqft,6250,sqft,583114,950000
3,2,2700,sqft,0.37,acre,583122,734000
5,4,2030,sqft,6000,sqft,583121,670000
3,2.5,1620,sqft,1423,sqft,583114,770000
5,4.5,5704,sqft,7200,sqft,583122,4000000
2,1,700,sqft,4000,sqft,583121,800000
2,3,1260,sqft,3920,sqft,583114,770000
4,2,1770,sqft,3920,sqft,583120,1425000
4,2.5,1812,sqft,1632,sqft,583120,825000
1,1,648,sqft,,,583120,395000
2,2,840,sqft,1177,sqft,583121,725000
3,2,2100,sqft,7800,sqft,583121,845000
5,3,2550,sqft,9192,sqft,583121,1450000
1,1,774,sqft,,,583114,265000
2,2.5,1736,sqft,,,583122,970000
3,2.5,2198,sqft,2621,sqft,583122,1675000
2,1,770,sqft,6501,sqft,583120,620000
2,2,1150,sqft,2462,sqft,583114,725000
3,2,2330,sqft,5280,sqft,585326,1098000
5,4.5,4693,sqft,0.24,acre,585417,2650000
3,3,1790,sqft,7286,sqft,585326,755000
4,3.5,2960,sqft,4500,sqft,585326,1700000
1,1,591,sqft,,,585436,434000
2,2,1391,sqft,0.34,acre,585326,860000
3,2,1160,sqft,7500,sqft,585436,566000
1,1,720,sqft,,,585443,365000
1,1,701,sqft,,,585436,325000
4,2,2570,sqft,4800,sqft,585326,1495000
3,2,1611,sqft,4648,sqft,585417,915000
4,2.5,2474,sqft,2970,sqft,585443,1725000
3,2,1300,sqft,2997,sqft,585421,778000
2,2.5,840,sqft,1224,sqft,585326,620000
2,2,1100,sqft,698,sqft,585443,749000
3,2.5,2730,sqft,3000,sqft,585326,1199000
2,2,1004,sqft,,,585421,325000
3,3,1650,sqft,1622,sqft,585417,950000
3,3,1650,sqft,1376,sqft,585417,974999
4,1,1850,sqft,4500,sqft,585326,600000
5,3.5,4050,sqft,3600,sqft,585436,2895000
1,1,865,sqft,1.26,acre,585326,712500
2,2,1252,sqft,,,585436,1349000
3,3,1790,sqft,7080,sqft,585326,1325000
5,3,2020,sqft,6000,sqft,585417,899000
3,1.5,1280,sqft,4000,sqft,585417,750000
4,2,1630,sqft,4982,sqft,585421,942000
3,3.5,1460,sqft,1200,sqft,585421,740000
3,2,1210,sqft,1374,sqft,585417,875000
4,2,2080,sqft,5250,sqft,585417,1098000
4,2,3542,sqft,5000,sqft,585443,1150000
3,1.5,2200,sqft,4800,sqft,585421,860000
1,1,603,sqft,,,585417,400000
2,2,1456,sqft,,,585326,575000
2,2.5,1169,sqft,1092,sqft,585326,615000
2,1,1770,sqft,4800,sqft,585443,926000
4,2,1641,sqft,6122,sqft,585417,538800
1,1,600,sqft,,,585421,310000
2,1.5,860,sqft,1154,sqft,585421,734950
4,3.5,4990,sqft,0.25,acre,585421,4815000
3,2,1749,sqft,1149,sqft,585417,699950
3,4,1580,sqft,1086,sqft,585436,825000
3,2.5,2340,sqft,8000,sqft,585421,1900000
6,3,2440,sqft,8000,sqft,585443,925000
1,1,705,sqft,,,585326,490000
2,2,1227,sqft,1393,sqft,585417,715000
5,4,2734,sqft,3774,sqft,585326,1300000
2,2,839,sqft,0.53,acre,585326,385000
3,1,1120,sqft,7407,sqft,585326,708000
3,2,1482,sqft,1085,sqft,585417,919000
3,3.5,1680,sqft,1486,sqft,585421,675000
2,2,1400,sqft,0.34,acre,585417,699950
3,2,1370,sqft,0.5,acre,585326,910000
1,1,889,sqft,,,585421,550000
4,2,2140,sqft,6250,sqft,585417,1150000
2,2,795,sqft,,,585326,590000
3,2,1710,sqft,4267,sqft,585421,659000